participantId,IC_openai
5FA5C3EF9195444A832F0AE438613FE8,2.3
B997B0CEEC2D4077969B778D9499165D,3.0
5D84E7FEE554447E86288ADD31896E83,2.0
878E72361B994511ACF42CFCDCF85F7A,2.0
CAEF35C4ABF64864977558F2756421D9,2.0
E4BCBBA7CB934BB7B10517742C137FBD,1.0
3845F856F95445989C5399AC3A4D14F6,2.0
E5D3FE9DF5104D21BF2043F90D919278,2.5
EBD186A0CF844658B12AA7CA721DE555,3.0
DABD7F22A5884FE582A1BB0824A130AC,2.0
2D2D2BC64C8A402DA88B12389CEDC273,2.1
2E1285824AC44F9CB95675ECC936E53C,2.0
785E5BACBCDA41879A9782865D0C9B93,2.8
6265E6719CC74F818FEADEF2DD050744,2.2
35DC9B00884A40EEBF10C569D4588E9C,2.0
39A8866323644614BAB13A9CEDB3E402,2.0
5D494EDDAE23435D93B9FE8A42AC4542,3.0
268A77DCC33A496DBE1C086D0717C820,2.0
BA2BCA7CCB1C4030859B5BC1E915D44D,1.0
BEB7852BA58641CAA0986354E13DE627,2.0
D5290727013E42A08D597800BBF4EE17,2.0
ADDBE78355E240D8AF1E859572FDF233,3.0
DE590B4A0B2E416E812D5EE23852D334,1.0
370D4E31F2944616B669B378381D26F8,2.0
542C8FC44AB6446F92D18292E2AE4FE7,1.0
8616880A8D194BDFA9C143F7170367FE,2.0
79A6CA4A11904E1A92F92385D609E206,2.0
086CA0EE50924484BA40BE283B35A167,2.0
FA3C2313B81444E09C7821BF4B9C18AA,2.1
806D226A01364D8CA035AF355D331A09,3.0
E6B070FD81DB4B41B90995BF2EC29068,2.0
5F2597959DAF4493B833C6B242550D95,2.0
A9401333581446C79C19DC592D58CC6E,2.0
2F3660111C5648EE934D115C34124599,2.2
9F482F5EDFD14D00B7BD78E60DF1FFBC,2.0
D24AE6F9642D4D808E8ABD389BA93DAA,3.0
6DD3F01138B1437F84357DA4197312F9,2.0
19070CA538064147BED3C79A28E7C09A,3.0
66B1C81A5A3D4DF48FDD6FA831513593,2.0
5B9BB96029434960AD960E48B74806BF,2.0
FB485164F6DF4179954E551DF7B4722C,2.0
087D9030446F4708A77326B5446D41EA,2.0
E7403536FA54483B8A59905B91672F6B,2.0
71E8ED262A90475E90E0C265D106194E,2.0
FB7B167CA9764A978A853C08D3D1D84E,2.0
5B5C3D85087A4E16BBF4767641D407C0,2.0
CB2A62D186194087B8BBDE2AA49F9EEE,2.0
2C9AF02F32E74B3CB12A9FF465453E50,1.2
C91C479CD4854176B4D9C53D334C5CA8,2.0
07994856BD944213BD589A588737BEBC,2.0
15FB8938DB8B4885A5A995ABADB04697,1.0
7797BD34431940B396C57112D07CE38E,2.0
35C167A8A69C44C6901146BCBDA40868,2.7
DE486C956E5549A0BD5552CD8C34C086,2.0
8772FA5CB29247CCB540DAE99E0A1258,1.0
5EF44FDA4E464CDEA4370DB69E23EBC7,3.0
DDD2730E405143CD97260529527F21AD,2.0
07C6B00CD8004F00A697063E4768921D,3.0
BBED2CF19D184C97ABDDC6EECCC8D6A2,3.0
DC0318ADEE46488A96EF25BC30DB3A7E,3.0
1FD74281BB4C493197941F7A59EF21F7,2.0
87E19F0A0B31461484704A06DB9A84C3,2.8
2F73EF0BA49545179129AA63CFD67E99,2.0
D3062FE806514773B1E4338EE9726DC2,2.0
2FA543FD1C31419CB8107888D3E03B01,2.0
898D3B50103647B1A4905F69CDAA54BC,3.0
AE171F9326C64AD5BC1F5ED42CC29474,3.0
8DD39C1AB44D47159D6350D3F4CAFD1D,2.0
D087FE7AF00D49E189475F4A458CC6C5,2.0
4CB1B32B8BFE46BFBB0B8E687AC32613,2.0
D8A029B725344D868E107E4658F9004C,2.0
25F71B7E7775470FB337FF448B9AC304,2.0
B328D7890C6C4C1A9CD1168BB13E3ADE,1.1
6C83E4A277D4435B8C934578B6E0D6B1,2.0
1D71A5F423D14CCDAC4CFD7D6589BDBE,2.0
4B5689E738C540B8A3ED1C64A1C95EFF,2.0
FD02F9088B8146508FD789851FADCE92,2.0
FA3BED3C33C047EAB2768EF5172A1310,2.0
84C2244FADF24EA28CC26AC2EC025530,2.0
21FE3C17A65D4A13BA52DA9AB4EEE824,1.0
68884E94D0C64052A798012702D22A17,1.0
B2A36B9B11A04CA6A8258ECCEA9A6539,2.3
1105F280E99348E591456C83703A3BBF,1.0
17B67E5365D44002A4DFAEB37E3D4E53,3.0
457DE29BD7DE4BA3A54C9F5CEAEEC89A,1.0
754AB8D0184141E18588457E91463CDB,2.0
9C8064431E6F40B7A228D800BCB7690E,2.0
4E74BFB9A9064D54BC731E4F67F13B5D,3.0
1C0A5F63DFD849ADB3C15383741B09E8,1.9
C76241B0450D4C849AF44993EF743529,1.0
96C6E669C6AE49678B7DD48FACF0C11C,3.0
DDE7380303C1448CADD95EEEC03E4328,2.0
CB4076485DBF43DB877AE8C2633A1B1F,4.9
67175439A1D844C494F854A2DC028565,4.3
5E2B9F78CC234959823388FE0E7378F0,2.0
85593860D1EE44CAA07CD014FD26575C,2.0
407422007B99479785EA11A19D7609E7,1.0
3D97B3A8899445649086C32172768C9D,1.0
A8FC5F2843B04830926AA3936D92175E,2.0
CAE8BA3E4ABB4E9FBED972FE568F0249,3.0
1358E123C96B40AD9578730D671647EE,2.0
924DDC80B7E840C7A98C14888F8453EC,2.0
3D7E5E51E8D34A0D9EF85BB85DFCD54F,3.0
1D65A2E5B24D4176B9B911310BF0D5B7,3.0
F3B8E51696CF41DAB16FF9C615AFD294,2.0
35C3D0CEE8644273B0838BA58308A4EC,3.0
C943E9E375944A26B242EDCAEC590A78,2.2
CFCE3B34EC6D47A0880FD37C287DF4B1,3.0
12FDF1E462534A958855E4C0F43B052D,3.0
3E50E5C7826942788933DA580797EAEB,3.0
77E6245293BD46C9AF404714A5325C3C,2.0
62838902987043DC8C214DA159DA012A,2.0
B5AEAD4633F343DDAE27DD35EA73CEE4,1.0
40C2B12BAF114E29AADE0DD4B5F9DEE9,1.0
13AEBA33F4AC481480EFDE135AD00B81,3.6
916FC0A5C8A34B31A0E0D8D6E02591B0,3.0
CEC7A4B04C6A45F18B8573869B6F8D88,2.1
97C1A638F5244A6BBE5607072B9BA1F1,2.0
67398118ACF140429F4D0D8BBA7EFF7B,2.0
450BA15B1E9D4B76BC0DCB0D9BF11DAB,3.7
7A90DDC79B354F57AF968AF47FAC3006,2.0
1C0FC937A2AD40F29F415265BEFD4B60,2.0
3BF34FD5578E41868E532FC03DC2D3C6,1.3
1029ECA6AC464C7AB9C32696E49DC835,2.0
3EE7421518B44A5F8EF9940751570B86,2.0
31D4175571A14F4E84BF88D248E92969,2.0
416EBD8D331F46B39221A4C38A815F35,2.0
1B09C78C043F4DDEA71F2D279298A0A8,1.0
5A9770086BD04D3392F149047113805C,2.0
076C84CD834A4EC3A5D6ECE1E4C5EFB1,4.0
236117077413497587AB587EB79F2356,1.0
E11B95FC06CF453988BB2D548228184C,2.0
A952A507EDCF4968AE0E868D78C0E2D9,2.0
9ADB17A7AA144C3382E815FD4DEB6D7A,4.2
57904678F35C442D87F9B8D96EF4FF95,1.4
1911DB1FA0D04991A0DD8EE19AA60F5C,1.0
3D56B864176F49D0AC42E3036A4C98F4,2.0
9CAB3C84E979458D9AAD1E45477A9219,3.0
3C66CEFE105C420CBDB539B9DCB3843C,1.0
8937A50CFD474B4A80410E766E29F094,2.8
E45110DA93C5482DA92B44F3C81BDC76,2.0
5272D29B1B084E63B81F7CA7D7559977,2.0
CF0AA90062C943E991CBAEA9D63F10B8,2.0
B336CD14B1614BA3B17FEADD0AD234E2,3.0
46F47A528A7D40EE9335E5DA0D74B7CF,4.0
8572A0C72D3545A0A3B982DCA5521469,2.0
C5E774F495294417AD94D9C4611140D3,5.0
F60D0E39B9B341108C330D7B6A8D6DEF,2.0
0F07CDB90B904FB79C385106E46337DE,2.0
C7890E0F40F94E5EB8602AADAD680BCC,3.0
E46D7A0406C843309BBC7A16E2F896B0,3.0
7DD8D339CEE14D6CAE0E9AA89421E55B,2.0
2CFC520F25DE458DAFA94B97813B94C3,1.0
3DDBCB20A9834E41934460119365B58E,3.0
BD7A119AA6294C0DB0768E33E0E4A403,1.0
70B5BC8D2C8C4E2DAAD6DA4592444B14,1.7
CA714E7531B142E0912788F616A2D216,2.0
B8FDA3AE71BA455F9F53DAB94B1AAABA,2.0
D0F64A9BB3F54C1587E1C926D291C7A0,2.0
470B1E0E71A3465181D73DDA83E66D55,3.0
D3041545B120407588C50868ACA7A507,2.0
9793A19549594627874E30D4DC00894D,1.0
A5286C165E4A423280368BF2A4F20013,2.0
CE19814B039849239B22C486C717A9CD,1.0
CB57E8075D5C4A07A4B3C6FE4A757CB1,1.1
317733C516464C9D837A0BDA9B4D2710,2.0
5302B454B6034EC6B5CAF4FDE66B67BA,1.0
46C36D77E4B247AE95721BC9779FE422,2.0
AE341C099F464C02A6DDCFAF0C8CAFD7,2.0
B743D90FAABB4143A26003B83404E3FD,3.0
0870B39E7CB348DBB74699311458D574,2.0
62233F0A7FAD4283BF8CD77F9DC02863,3.0
80029BBEB5964A6E8F03EA88D86FF2D9,2.0
B868828BB0BC458F8361F812C1B03950,3.0
FC70D095303B48A580D4AF27415D74D9,2.0
62F845DA81FF4D948AEAC0A541012217,1.8
245C359634154BB4BD502B646AAD3CF4,2.0
758C5184A0E34222A34A4544D7732CD5,3.0
18BDFB63C00F45EAAF36A1523167E72A,1.0
89D50DCA07A14E67870EC65D9551E1B5,2.0
1622AF8EE4EE443AA49A981DF47B3F20,3.0
FA3C13CCC4DD41B7918C5F61EF555CDE,2.0
58B50B0330FB4CF1999F5BD11ABC0950,2.0
C9C2B45B9BAC4E2BB5A728002F2849D7,2.0
33E25313BDE249ABABF0C76022012B56,3.7
A1FECAA4554A439384DB3762F624DF38,2.0
58CBADD914294AB69955A7541368516C,2.0
990B2A5D98AA442DB091C14AD6F1E96E,3.0
77BCB91AD68445499F0FE58BF2616AA4,2.0
1075DDBB613A424F83ECEC34A276C563,2.0
7732F490FE5143C1AB9D25403E7537F1,3.0
A38803A9795C439EAB69D019AA84EBE8,4.8
4A83FD8211ED465BA2EF3CD4305340D4,4.0
F4A8A8F3DA274D4F882C1F84208C1F0B,1.0
620A0737096A40D6B0B59EA75BBA3FB1,3.0
A07E42DEB5924CD3BA76956E4DD9A0FE,2.0
B2AE6B6C6C6C448E944D560048796462,1.9
4AC2D07456B545ACB8F6D2550AAF4504,2.8
08D772DD15AE4E60B08F007E0ED2A561,2.0
DB53125D33AF4794973F98BF23E81EB3,2.5
AC4AEC5569B443E883546DA96F650E5D,3.0
779F41AB59084F58A77A2E818CAE8E8F,2.0
148BCE8EC3FA40E1990F1B7018402078,2.0
D7F49450FE394EF381E3AC83CE62A1E3,3.0
308EA3A6D1B0476B97CA33AB867F3DFD,2.0
D17BAA8C308F4C2790ACA81DBAD83F9D,3.9
DA8B15BC54254E0FBD50D7B01A50DBE8,1.5
21C9CCA31AAC4871AF17A99AF86F6B8B,3.0
CA18651398984F8E92B3B55836F8F406,1.0
EB7BD15FCFF04945A3274B88DC7673E6,4.4
6CD36AE80CAC411BAC6609488CAB2F25,2.0
31013C2B7FF14D1190DB5446856900EE,2.0
333E1A6198C24C9999D0FB9EF92BBAF1,2.0
50FF9C3A32B24A50B9782E0B8DFDCDD6,2.0
C543A1313F974F03B538F3D38573C2CC,1.5
2C840F5C8F454238B2C06276815C9128,2.0
98C9A51E4BF842C78957693EF843F947,3.0
1EB7F52970164AACBC49562BC0DDD1F8,2.0
790D6B7C59B74510A2B35D4239BB5B9C,3.0
17F76C77FFDA4939A5241C48FD944FF7,3.0
01213A8CB5FB46289C06CC398B5FA3CA,2.0
A7011234C0434A788B32678FA03EE316,2.0
26460D000F174ADBAA1112D1FA7795CC,2.1
1444980EFE8A49AC831BFF95587A2598,2.0
E185075D55AB4DEBAA9C9D0621EDF80D,2.0
3C378F2716C04C0EB4FD62856B8C2152,2.0
C1EF808C529B4C3D97D058F86845F561,2.0
4B45043408B246788F3CDCB4490EB13B,2.0
21F6CDCB97C142B5B2BD10FB787C8CE4,3.0
3419143C9E9C4AD49DA3356693A6670E,3.8
8E77F51F5FAF4544B3D1CB7E19D43424,2.7
06509ABF49A94142B88DC712411A996D,3.2
861B6EF57A784130BB075C7D607E810E,2.0
20256F004D8649048966FE9AA4A66BCB,2.7
87B45C75439E40809963DEB00A1275C6,1.0
587C9E7D042D4F4D892DDBBA1A3E8F38,1.3
E8B8DD55BECF423AA5FB0CD3A547A315,1.9
DBF56BEFCAB740E8BF5DFB8A850D1955,2.9
B8805DDF80A84F7593E0D7880D73E6BF,1.9
871B28185211428E991355A272E37CC8,2.0
50437DB8F9994C248E7B9A7FB7EA4F58,2.1
2FF4161DD15D44B089E7DDC376C6AF1D,2.0
CF3F2F7E8C41471BB488C5D69E652335,2.0
24D9BF54E54849D8B1C080FCE29FB5AE,1.0
D4303F1EB53F4A0C9EBA0EA46F4A7C07,2.0
A0EADABE119B476082E24737203676BA,2.0
914F187F790C42F89E3C88F06E401B9D,2.0
B2A470B2B06140B5A52CA539A5BE53E6,3.1
88C5DAD75FE14543B266C83E75A5CB17,2.0
133B9D68F1184746B257752CA3155211,2.0
12208E5C66774C13A615BFA1CB7AABF1,3.0
876B8D5D407B459FAC2A20EAE36AEBE3,2.3
B844585701EF4E6CA3F0CDA6F34C831B,2.2
BC2CECFA842F43F7A45D76E8C6770F5D,1.9
DA23927A44E04612B9C4D5F8CF461677,2.0
60AC34CB88474422A00F2AFD7B957A88,3.0
DD197B4BE40F4CC7805974AA696988B3,1.0
26F15A9A7C5649CBABA7C2645DE13CC1,1.0
2694D61644CC4EF39E022822E40CDA28,2.0
0CD5A01591584DE1940F418669198AEB,2.0
9155D46C12524363AED914942F4ACAF8,2.0
283D0E5EF75F400A8CED1828E7D98EEF,2.9
5286495E57914CDF8544D18C655AB97E,1.0
ECAEFE5A63CA472C8E6CABBEFAC0539D,2.0
60C203D375EB48389212BAA4174EC8C6,4.0
8AA4040A673E49829F547EE5B160077F,2.0
2A4B6E3B4F2C444B8428EA05DE1E0F13,1.4
0E61CE23A6B14B9C9C3521FFEA15B30B,2.0
DFAEEAECF8A24B5FBD5D0E66628F3BFE,2.0
8E2B36541F3F49B685EF7800E5FD72A6,2.0
C47AFFCD72EB4F5E954A1A6E3FC13EF4,3.0
1B7CB68BEA6643B4B5C93CAAC59B1B85,2.0
19BD49C073C342FFB0E47561FD0A0482,2.0
119ED95CC62A49DD9EEF4B30FB69BD8D,1.0
CDC0E75C0E514FD5B110D746817C75BF,2.0
09804C26E1FD4C718AE81F0720A2B530,2.0
07523332618D4AE4AE94908E956B8799,2.0
3E32D8CAC622481EB523C2959705CF98,2.0
F8E7ACCA8A1645CEA240D557AEB2B91A,2.0
D5B1375C55A441679C5159C6DA282764,1.0
99997F91ABA741E9B493AF5A3DD37848,3.0
A8DDFBC902C44A9A97185F4CA92AEA97,2.8
383C7EE3C63F44078853C82DFB0D6961,2.0
2375A8B7037348EA9C2E0FE4A0DF2D13,2.0
45D9B639509C4A72847A2C8D33D67C28,3.0
71D57D56F66E42F0949C437CB99AD11B,4.0
7C73BCCB934B41D2946600A2B090746F,1.5
228AD4EB2EC34E60B1DD82F45D064D89,2.0
304C7A9E8DFF4BE5AFA2E60C12656A92,2.0
92F62DB35FF64DCB9F388C09166ED991,2.0
5186041E1D054D4D8C9A1A1285726503,4.6
F26254CB8C7449E0A8B73AF039C6A9A7,2.0
009E19CE60A84CC58886E3452627ECA3,2.0
2D757E24E13D4F6D8D57D07ED1691D62,3.0
E314B2F0B676428D9122CDC8E2B779D2,1.0
4ACBE97E1B1F40438FE941A3E07F69B4,1.6
7F56950105CA4C559B99DE3F2B763042,3.0
F3D7196BDE93420FA3A5270617987A3E,2.0
E0DDCDD4DC6248318AADE062CC508C75,1.0
40FF357561C14DD09CEFEB444508494F,3.0
1E9A55586B3A4A0C9F0703FEA6794BF1,1.0
1A4C62E92A2448428B1731CF7DF4BFE2,4.0
8B61FD56109B40EFB471E8AADAC113E1,2.0
842580F894184DE589555936CF12CECC,2.0
102038E6AD664BA19B007CCF1A8DAA42,2.0
7FCEF4E59A044EC0BC86B345874DD0EF,2.0
2D11EC67D4394968BD2866567D1E1665,2.0
493C103ED0EA458194763D5345BDECA5,3.0
B5DDA814AAA24F87924B5E6ABA505559,1.0
D114B08DC6C847CFA1C3C15354741922,4.0
428AED8545FE43FB96EEA5C95FFC58F3,1.0
DDEC20BA81D14FBD858F86A41DBA6677,1.1
D66AA203C284482AA2AA1CEADDA1E262,2.0
4C00C79AFBD9475CB9874331F930B885,2.0
349CB3DD67FE4620B8BECBC33C18168A,2.0
F09E533432324D7184942F597E78B1A6,2.0
1BFF69F28F7F4C709EE308272FFCD1D2,2.5
E699138A3F8D438F96AE27E8AA338EFC,2.8
7EFB4289A56543A29359E1AD1AB42A43,2.0
9C2F139BFFB54695BF441277B44E7CCD,1.0
9E8DA7C17F754DDEB8CC0DF44FDE1BC2,2.0
C235ED113BD64E61902BCB6C64EAF227,2.0
2D796EA5F153478DA6A34507C8BD6359,2.0
210D1EED4E4C46D3AA7FCED923C8915C,2.0
66E02539431047E69A626B7857AE9373,1.0
1F4ECB6161634395999286C322FE5403,1.6
8A403239C134401A9089337312DDD1B5,2.4
1510AEE74370491D94A79DB96D23E1DB,3.0
4E9719B335AA437785CEDCA98B4E6B89,3.0
2A9426322C3440179E27437CC2A57230,1.0
6C1964B0357642AD8167B7329869BDF4,2.6
1B7B6C6E48844439A675140EDBC81584,2.0
7BB86815EBEF42B687C966E416C3FF0F,2.0
E34E2DEE098B4170986DBCBF7C5BF11B,3.0
10A70B237567432D9F0E2E1D1ED32A88,4.3
DD0E1ABDE0FC4F9399330FE0A5480D44,2.0
B2E5FF75A2FA46979E78ACDC2F81BD5C,3.1
3C07AD5EA91D453AAFFA3FD5EA7F29A4,2.0
BDA2E926245B4436BFB7A61B24F9C03D,2.0
8C3737BAA63F48848DD24941744545E3,3.0
6DA6EDC1BEC94DAF8A827B6A535E48C3,3.0
A10335AD5A3C41508EF24FB1D4D84675,2.0
51B3ACC8512545A2B92CF7B68019D07C,5.0
3223A70D6452436B8E9A93E108DE8D9F,1.9
5E396C32E0B2479F8AD04A4D1AFF1EBB,2.0
BB71710586F9462896B603DBAB550C9A,2.0
45F5D522D647460289600266DDAC8D28,2.0
EA65E99B5F6B47E6BA89F90175657239,1.3
6B33C48D993643C3B55C8900306D52EE,2.0
CC05864F5E1D4854AE8C7E483859CD9C,3.0
2AC8345B47624637BDA56940A573B1B2,3.6
49C579EB4B8043EC997462A12A70456B,2.0
3C095471AA20461487959DEC036918C1,4.1
CDE61040F59C4A269B8A7A5DFBE1EB4A,2.5
0E0EA61A1F324F61BC7BE508D0BF50FF,2.0
3E3FB707C0C94C58BED6B18DCCFF0126,2.0
3C4E54A8D6404DDE99ABA847973B0413,1.8
A86DFFC9F2DA49D8B9A11D006A9769CD,2.9
32FC87F1C127480BA90BCC9764065560,2.0
6F4AA7F9EBF749D7BF17D3EA6C77C058,3.0
5B51EAECAB8B406A8941D129A9A3C927,5.0
4C1016F522E84008836FCFF44D7D0706,3.0
ADBAF10BE4E74FCDA537EC45C852C0FA,3.0
4A2B176F53F54FCB9F08B60B74337249,3.0
E6D26C9640374A12ABE707D16B3E9A9D,2.0
5FA8CD03C938437EA3E2AD01A3F29BBE,2.7
406F110720FF464F93F622B32DE17059,2.0
9664957502D74D3C8F6E6D05FBD2BC06,3.5
35C1513C56B0434C950E7DF6D3E95155,2.0
9DFA60556874420E81269F1CC7A4C5CF,2.0
BE367DC8AF41463CA9B26F5A66E1EDBB,3.0
CBBA737259544BB6B23A73CCCC89C9EC,2.0
58DD65121C374200A154C289BBF63F28,4.0
E41D768DE826492299641D74D0561E69,2.9
1C5CBBB511BA4A83A0323685B6060134,1.5
BDBAD19C1D554FF89B98880AAEFFADE1,1.0
BF0E03586DA94B2BBAD10C152C0BCF26,2.0
48336A322C2247CBA0D3135FC778C18E,2.0
5D3A4AAB248348429C55A20265D43827,2.0
6CAEF717239142108107415DFEE0EBD5,2.0
3DBFA90FC38D4A6F8701C3378F0197A1,1.8
C2BC227785584B28A2C0402968CAA8D5,2.0
7B2040D68A1B4EE4B57DC26B085D18BC,5.0
38EDB7F181B7485385165F8DA3C10BA3,2.0
64C5041807494478A37578E871AB2D33,2.0
7865892A55664F90AB4129B808674C3E,4.0
738C47B8F8254C7B80D9362DD68F28BE,2.0
D837E86223B945B4BCD2231B1F45B46B,2.0
2E80B6D3ABAF479386EBFD380A4D91A8,2.0
CD9645282FB34D74A546BF1ECA088B65,1.3
22FDF876E0614ADB874D9E1B3849F1DB,5.0
834ECBEB7AFF41189796C74923E0ACD2,2.3
61DAAD6DCB9F4DAE81467FD77DA9BD5D,3.9
666A2ACFFAEC4ECDB200606943A9541E,2.0
AD226C2798EB4FCDAED8538D18EABFDF,2.0
4C5ADFF2AA634A06940CA88E0E2A20A6,1.1
6AF45FDE2BF24C7B95EB1695F5093FE4,3.3
8C50D48C53B84686AF33D632882CF835,1.0
03100B51E0A340A28BD082EC8DDFF55B,2.1
D9918EF1B15847D78FE0DC0AE5F6F82D,2.0
0B9B71C0901D47FBB1974026ED2F1BC6,1.0
F6A69F4382DE43568D403D4EA7B29D6E,2.0
E06BEE71A8B747FDA8C95E9BE38B12E0,2.4
3B522CD07C73445F8FBA3040C5B9554E,3.0
06ED1FEBF57E493C80B40755183A5FCB,2.0
5603DCB468FC4F1BBC6F2B4F99515839,2.0
1E70D3F0E0954332B526665F271E3BAB,3.0
8D8E1FD227734441804B364B890AF2D1,3.0
6D51588A2EC04D0895E2993244FD4D00,2.0
74CAA53579864D3898D49E79D17653F9,2.0
EFC945DEE7124AEBB5DA95ED35A3995A,3.0
3B8E13AA899A4546869DD1D138274905,1.7
A80E7F8729564439A23AFBA87F8A6B40,3.0
DDF173F493F84AE09EAA9EBB07578542,2.0
7DC4E84653E444FAB9130D62BB3B9255,3.0
7651AFDEC4D84E3B9EF919AB8DD5CFD1,2.0
809954BC16D64EC3A8C3EC13641FBB55,3.0
4D3C479FD6C2431C933E7BB3C0B2DDFB,2.0
4C81EAACF45F43F4A1E2AE4B332C10D9,2.0
996C4A7B6A094FC8B011AACB2E2DA505,3.0
6E8C69482D2F4383969186F6D7139B31,2.0
2E85E72AD65E4833B0AA4DB58AA2D9BC,2.0
85C92CDBAC71452684E2566DAB6C7342,2.0
FCE7FEC6F3A240FAB198A2F8B14C9471,3.0
F7C776B246C14332B002000C9250BF34,2.0
3F46F749D3B242108CCEAF0306F8818C,1.0
D10ED7A5134E48A38394F95BF1D357C2,2.0
CC20D7176DE9481CA20F81231F791D91,2.0
FDB9ACF1380B42A5B8C9600D0F55FEF4,1.9
8F0DEA30918646299340E0018A729C96,2.2
F50FAEAD940A4CA1AC573C59E1E50F49,4.0
6ECCACD783A2446485845A4A4983127F,2.0
1CD426F99943461F86235E1C02A87374,1.0
E6C13264857B4388AF46D7338F39DF9E,2.0
8A220FB82DD042A0AAF5BC1293BFC183,2.0
5F3F5377722D4A659F90310C795655A1,2.8
07E40A371AA14EB390E50F889623E245,2.0
89EA36AFC195405AA51A158950DE4D3C,2.0
0B912B6B2279490E8F137A6EF759DE77,3.8
9826239ED3974F9FAC6D48584FA3FE1F,2.0
FD2C9C40ED1A4E1EA13FCF66659B4F48,1.6
ED0140E0071A4ACBA4A821244ED622E8,4.0
6B83976C251646E69FF2297FAB13949E,2.0
193AE35FDA2D4121A9DB98E87E4CF9F8,3.0
90B2F4E19B8D45978C25F3E108B5DC4A,1.0
A2248950951C4750A63FB980ECCD01D1,4.3
E37F9CB7A2D241588A408F3C42A682A1,2.0
335F74DDC5A84FD4B92ACC2A24E95889,1.0
99291685451D473C8B7785BC9445BE04,1.0
0F053A8AA2C645399D2C06CEED05C28F,1.3
02959600EFEE405789463BE83D574429,2.0
30C0D5A4022E4B2CA2608312FDCDF96B,3.4
162516ED24D648ECBCCE91357F26DC77,3.0
5386BD6611B445DBAE4129F4B500E965,2.0
C26E207D61F94497895EF589F2E6CF26,1.6
5384CB299B464A7CB132B9B39E0AC593,3.0
84822F784F5444C98B88BF68B50F0669,2.0
012B4E05E38645C787ADD8FC4C076D2F,2.0
FB46579E57DD4F8AA52E3B34324AFAC5,2.0
20101E1902A74BFC874586E28EBF8B36,1.0
729C342F3DDF402293046E840E42EC74,1.1
459AD67D0A9C49249D3051D4610AFB27,1.7
CF063F452C4F436C92FF633801E237F7,3.0
E780E37A4AC24608955267AAD5BF97E5,2.0
AD1F43BF72CF4D38914272937759B862,3.0
D410080BD8494609905ABC8573CB1605,1.9
95521C51DB1B49D48CEE6A1AB5112D64,1.5
AAC3DA0C316D407D98C39E5558486CC3,2.0
66124DFF2AF642C5848ECF99EA8E6523,3.0
9894F01935114F95B3C608B7D96889EF,2.0
98FB48ECFC1F4805A4D3243BC96E6AC0,2.0
C0A13D37A9EA403BBDB87E60BAC4E541,2.0
AB4D929E25A942249E8D34299746B1A6,4.0
CC9B0FE9F8684F99B41805CFAC374646,1.0
167FBA33745145AAB16ECD41B165801B,2.0
18C1FBAD0F224FE4811C913044D9FADD,2.2
00D4441D3E954C8F8B67314AA90BE59E,2.0
A58E9C9853F24C708F64464C83EDF37C,2.0
94538683C72D4361A75E91047302714A,2.0
89FCBA2A06174DF98695DCF9E944B996,2.0
6749FB43FAC048B08D39CEC7D76E94DB,4.0
7E05571087B4415488795DB825C8ADEA,2.0
844C1D6875F24C32B626F65B6308DC72,2.0
E5562AC4206B4E70911566DD4F8CFA02,2.0
15FFB9622C9D4ED2AF3CA459D3C4D71C,3.0
09586B3E528844FB86D1996C218700ED,1.0
AE5BB3054A9A46FABF7249C579A08B44,3.0
8BF0110E3C924FDCB8DFF224EC3F5ACC,2.0
991C6F7511D74E5C8CB188FA977727B7,3.3
E33485B1AC794AD0ABCAC23160C5C129,2.0
5FF13810D33D479986EB784DEACE00DD,1.0
94F8CDD518D444A18C1F5FFAAFBBBAC1,3.0
EDF58081EE464642866627361C4452E9,2.0
F96D0F711C6046299002C4717B8D9957,2.0
F422A34462A24704B4C26D0849ED8D24,1.0
EBD1C692ABD9490DB0E3C5E81AE86224,2.0
7A335C41F7094ACCB109D7088BB721E2,3.0
84E62E14940541EF87A7248AE50DD0BA,2.0
B7CF2610C1D74D7387E55F42F2646529,2.0
5A1913E5D6BD434896085BD0361B138B,3.0
370A00146F97478EA66229994BB167B6,1.9
13D788E1989A4518888E3AF773AABC22,2.0
1C7A45DD73AB4C68A0A1539646468998,2.0
35B6430AB7B44F99BE5EBE43C097ED5F,1.0
755DFFC11EE74976929C37FF43133426,2.0
63181CAF8A744A448745A767B80D3840,3.0
226D6E2E8C894751B79F1450A30EDDCD,2.0
6B40D8D53B374750B69B22FD7D0FCD0D,2.0
C247700CAD9B4EEAADE78DFFAFBED2DC,2.1
D983EB445F5742A0B246633CCDC4DAA7,1.0
005AEEC96BCB4B3F8D6CC2DD490164DA,3.0
7035192CEE9C4B99A7A5E55554C28ED9,1.0
C6F0193D2645455BB063D75A5A9F4B4C,3.5
53A28AF8E3E34545972CD5F1A0381FE0,2.0
FF700D71C0694356828F0D070BA66C77,1.0
0E76351E343F42A4BB3ACF9BE0A29F79,2.0
D8AE261B39BD41C6A44533B824C239E9,1.0
BB86F8CE470F44EB9DC81FFACC188280,2.0
7C2E1A867E9D432F8E08E8E427A89159,2.0
3F9A3A67E2354DAABDAF8E0F00C2E40D,1.1
FF854281668C48FAA54A34EB2E297580,3.0
68E3184B541A4219A778CD77D44E48A8,1.8
9066F851112143929A079A384A50DF56,2.0
19DE63A6FD81499294EA3E29FC0F55C9,3.0
410CD48A804B4C73A574D930D45E1698,3.0
81BD351D3EAA4FCE9B1ECEC1A0DF393F,3.0
D605AC77207F4255815B1F5F3B3863D2,1.0
6FCD3AB04D754408A6F59C28BEFC1A20,2.0
C19E87D09F14496EBA1DF7F00432D145,2.0
3A4E69619C884EE1A5C94F3890C6BAFE,2.0
B241B59E7E334D4B9B2F103C8DABF515,2.0
11D6469D8E474BA18717C93CEFF3AB25,2.0
D0F5235FFDD046168CC3A8B15902E5F6,2.0
C3936F736027453BAE9216E4A70AB4D8,2.0
F01D18BB0349400C96B39219E576E0C7,1.9
38FFA90A2CDE4349BED7D0EE43465952,2.0
88170BEA74A843E5803011EC79270C8C,3.7
D6EA093AF1244C7AB4CAE954A632C0BC,3.0
19E20347FB2642AFBEC821F25D86B41C,2.0
5AE7DDD064994297ABA0A90F589A8B69,2.7
0163260E3DF74A1E8CA46ADD5D792370,2.0
E206140FE49644D58BB3CCB8BB831287,2.0
009FBF921182482EB3B2C7C66D5DF395,3.0
71C8017B80184BCDB107ED06E309F395,2.0
C52B0D3555734D5696B0983A0ED9A80D,2.0
71850D884B1A4173B91DB286464BC568,3.0
22333823D53D4304A341D1FECF27A611,1.0
CC9A224EC8EB4B3DA3F5A764A8D51E4A,2.0
87892FE4AFB94BE49E3FB5095F4111CC,4.8
79BCFCAC0A3B45129FA82B42B3C7EC01,2.0
E2B18FF9668D4D87A34FE08376526A54,2.0
D7FC572655C4400C8ACD712F3CCCE48C,3.0
DEEB26CD603F4C378119B430798EA410,1.0
CC95632867914DA9829D5810CB32790E,2.0
3B8488407EB0403686FDCAFEAABB5AFA,3.0
82ACF0E6EAF54359A0829C5958420F69,3.0
9CA1245D8599495F8D98099A5CD7BE14,2.0
1F5DDBF00F4D432EB58F3ADD132ECCD1,2.0
3A7E4FCB31ED4CDDBA374FAFF507A59F,1.3
3B074D466923481B84ADDA21F116C130,3.0
82500BB854904132BB951C6F043C9A6E,1.0
64AFE2AEA62647EB99A8E9BBB620C424,2.0
83C6B21278B64772A770E3ADCD0D0955,2.1
5CBB88E8156C4115B1A58DFAF1D60487,3.0
9339D20316AA41D1A843B979A383A25C,2.0
7017C0DBE6A34995AAC936DA0F9FE764,1.0
C4A1FE43B9824145A989A73CF5115FC9,1.0
A9D191CCFE27473080F6C9B2F48C4564,2.0
E959AA3ACC3E4E28B7CF3E2B5AEA8683,1.0
21EBD0BDC95146B39321211CC7438FEF,2.2
D1574A2790D44655BDE8A54C87518AD5,2.0
4B5759A1BC32459BA64A7C00E871345D,2.0
29A8AE4971A3430EBE2593FB3C15A88E,3.0
236A19F2C052429284DE187B2B9AAD51,2.8
4EBBD324A9D94BFE88B85B50F8F73234,2.0
91636D2541D24A5D938F047E06CC0661,2.0
4BCEE3A47B46451685AA06CF071AF4BF,2.6
C46A940C29C7419F8CE1826514912638,2.0
B0AA6C5A0CFC4ECD96E2F7DD3A14492F,2.0
A71079D0714843898C15BC1546765543,1.0
FB28CA496D3F447E927A834AB1E016C2,1.9
307C54B2B32449DEB4446B7DC93AD250,2.0
FD4DAF5629AC4CE793EB01B21BBAC097,2.0
6268652116C241B98B2F1597FB06299E,2.3
25FF8876F4AE4F67971A4AB403102888,1.0
849308D4784E44EC9A2A6D7562C0B570,2.0
72BB3A064C654EB3B5691574FD8A840B,3.0
2C531FA5AAD14D749285CF577C94D337,2.0
62495B10480D4C1289D61FF9AEF93266,3.6
009F38086BAA4F6B9AE1E3AB3CE30ED2,4.0
41A5878AE0604434AA9D841487F56A63,2.0
5D0DC6F0968149F389D2EE9CB5898AE3,2.0
3C3B6DD050014AEAA45B689F9DCCEEE1,2.0
E50080F003A042899D688E56E9CF48D3,2.0
B5FE6BC0A3D3462882D0389AC0C2EA3C,5.0
44868EDA2C3A4FBCB7C1774219F60587,2.0
970A28FAD515401B81A4E4721630F35B,1.9
E5B01EFFEB7C4D6B8BDAEB233D907284,2.0
5BBD9B3BEB024CEBB60F1462372694F0,2.0
97725CCC05DC4F978825D45FB3EB168C,2.0
AAC05B3E67784EFA8C48E2A76FA4186F,2.0
F472A4D8D3F34308ACE816AE17833397,3.0
6509F7FB814B4D9D84D973E466AD468F,2.0
CAAC4629FDC04D82A4FB0910EEEA0BA9,2.0
3476A5965BE94557AF2DD9C4A2F0F2C8,2.0
BD174EF93A2949EDA9457121B3731AD1,2.4
3BB22B06B94D42CCA7DE471E117213DF,2.0
2180F85E6DB849729B029CEEA71DAD35,2.0
8480668DC1BD42609CCD531D3B7D8E99,2.0
53C96BDAFEEA420CAA2BE41E4E30ADB0,2.0
2096241C7A2D4807B7A396CCA07FB150,1.7
FE7F052830F1469282FEBBA649528EC6,2.4
14D73F2E96AE4462A4181C20769D2572,2.0
A06417AC3EFC422EB4D00E4A35EAAF60,3.4
F2DF59E388C04797A099ED318547851D,2.7
6C70010B0CF84F93909BCB968043EB8A,2.0
D04F6CB04CD04617BC6683C605093ECB,2.0
12BC7214F88949EFA19DBB88F2A02B48,2.2
C2241071E55048C0A2885C6906F1EAE9,3.0
67BF8445DB4F4A898EB3F79CD29E0AC6,1.0
D15EA9A324CD48549432B58B4A7A169F,2.1
9C02DE3DD6514653A4C88AB19B560F9E,2.0
F72AAEAA755041F6AA79ECE84CD76F41,2.0
0FFF605CA20B4D499C4E3532C77C4EDE,2.0
C0B051948FA94146BF32799072E7BD9B,2.0
4924E9E1035648358D03D256E674440F,2.1
51E9CD2B6C734AA4B603D46AEB52A66B,2.0
8E0FB9BCC85B456AB7F015710C953037,2.0
C0150ABC1E9F4D3A90CD2AA3C234AFFE,2.0
204E76EF282D4BDA87F0388395C59C46,2.0
BA41EA00BBD6453CBA848813672127BB,2.0
CF7D60F1D92B43D683B7D44F3616BEEF,2.0
C54A73205F3548488D05DAB0B9C56FBD,3.0
3D0B59CD9E944D2AAC8A320ECD3E0112,1.9
567066B43E3842FB9D8F515A715EDC01,1.0
0B245DC5CA8B4EE3925A0F9C78BCBFFE,2.0
FCC9089129714E70807D4D189BAA2C83,2.0
48304AFB791A44B293E0D4793DB3DD45,2.0
A33837B912794261BAB62E9EA7650413,1.0
FD0D948A9D77492682BDC2815EFB0B30,3.0
C21A746E282F4663BF42E63200E12237,3.0
56739688194448FABF26CDD2F3764921,2.0
9831E53929D84F93AD1C9FBE3A479132,2.0
51EBA4B17E9943B583F5F302959A5AD2,2.1
8D989182F8C1423DA04DBD19A8AFE3C0,3.0
0182F2ECC053441689E86EA2EA3571A6,2.0
21D00E9AFA904F4B9FF61E9A2663A4FB,3.0
C1800F5E2DA544ECB7084389ED09F724,1.0
F5C17AD8F41C4E38B49E7E09FD0DD680,2.0
37B039839CC948E3BFE246FDDE2370D3,3.0
EB6AF6F1E4B3411C8757E926F4182872,2.0
109683F3D7E1447DA176A5857EE46F6B,2.0
5C073E2E1A724D02B3B771E781D06DE6,3.0
1C97D54A57454F17B83E32D6C199B989,2.0
90D4858624334E639CE8DCF0300FB5B8,2.0
9C4CC41B60D54EF691E997B73110BFAE,1.0
45AFFE42C18341BFA2846DA5F45873B1,1.3
04DD3F7F8D9B44C8901EE90862C8861F,1.9
A94B774DCD734A6CA664B76A613E56EB,3.0
2AA054204E4F411BA55681E6FC4AEA1F,1.0
F4D183CA78834CF68BAB49956F456112,3.5
F3E4684820F64349AED1D335DD0681BD,2.0
5838B4C4AD424134ACB79FDE415B7416,1.0
49A5FF05887947508ADBDC5F84F3C0B5,2.0
3300E90A122346008A040AA70067CC5A,2.2
C07737DFA13041FF98583C991614D3DB,3.0
1C956D7A6CD141FE9E4FA7F45F87C033,2.0
BD6BD8C52634468A86549F64702FC12D,2.8
9B2A9D01812D424296F0BE2F44BCFBB2,1.0
83162E057A614640B9810936AC4EFA2E,1.2
AFCDA6201B4349659B3DC86827A680AE,2.0
8D38DEE2DEAC451689CEA1E5EA6A3047,2.0
2E3A1785F7474A60A7F8D7BAF536E3B3,2.0
D6096ADB14F042928364519E4EB8929C,2.8
CECAB779EBF24DA6B780B41039B17CC5,1.2
098A49CCBBC04D168499B8646C6FEB35,2.0
48AC39E66A3844B8B0F511B2A7A4E04B,1.0
7518DB6070244EA2884B64D614BAA1E6,1.5
0E951AEAFD514FFB867CEA6B9716E6EF,4.0
EB270B00C99342D0835811543D6D4A1A,2.0
059CEB4EAE264C6DABF4B13209B16CD2,1.5
D4119DA44FD640F09AC6889DB78F9CCE,3.0
3B8CD7E6A73442A4AF9E166C40BFDCBC,2.0
1D3C73417F4A4967945759AC135E9F91,2.0
11045EA5FE23442FA24E05DDE3B16EAB,1.1
35244B8BBC4447BBA8FCCC6D72D8C277,2.7
60B613ABB0C74158834A2CDB3C5ADBD6,1.6
6801037B12EA4A1DA051A66D824BC988,3.4
CEF983DB1EC143EA9AF03F616A805184,3.0
6F861582C0F5426081ADB8B31C3C0C63,3.0
B58A0ACAAB484CD09243987DA9644DC5,2.0
52958D6E9B9D4195AEE7F4C0F585C35E,1.0
DF8D87B19E1C4505AB5A95F6F2659DC4,2.0
5DEC846F665044568AB5E910160C4100,4.0
5AC65B5622094D25B1073F6941DA0BA0,2.0
A699871E34624BD283B1875A456DF080,3.0
9D46A92960C2458AA204831F4E8DA546,2.7
475241C33F7346D4B226B27E6A98729F,3.0
AE1D8122DFE94EBC912246B4E4112046,1.1
534E6BD95EEE4F348EA4FDE5A235D2B7,1.0
C617ECC6E48D4D029DC30DF9F3D3E959,2.0
286EDCAD7B2D46C68AC013DBA2DC7796,2.0
7378E75D71394AE8B91F1EBD2E13861F,1.7
BA8CCC6DED774D69A3B8D347E669DB4A,4.0
286D9DE9444E46F781A7D2623E219C3B,3.0
552D8E85DE8D47AEA694C39CC7B02049,2.0
22BD6AE327DA4FEB8EB9EDB98468BC0C,2.0
64A74D73AD0C49E9B2AE0E7736AB3B2C,2.0
01C3EEA4DCC74108B596351074CD343C,2.8
DDA8458B341C41E8A377D4929F31EF87,2.9
61A13B482CA74777A9B903EA74B0E610,2.0
F8D52DE7E5634302BB8D6890E6DDBA3F,2.0
3098D9AAF3544E849390DA0FB054F55B,2.0
340D67B548C147899AF8DB5936B36BAC,2.0
3B7C154E57534AB58525C230625B86E9,2.7
3AB6F7A6A15445CAA9020DBBD1F4E14D,3.0
3FB5109B49754D9D996A1DADE4CC1DAD,2.0
8045543092A0404BBE680801D829C4A6,2.0
45CDF33E262043DA9F2DEF3A8C7253A9,1.9
5CFF46D109FB4D2A9A15C879C8FCB16E,2.0
9F5BE0B6F53248A6AC5F5000ECB8BA5C,1.0
B818BDFD691B412F9817D4E71EFA697C,3.0
2E1D1258402D4913914E237B9735BA7F,2.1
3B5F030A35674195B8F8A8A2C1E644A0,3.0
6D30C77AD5544B39B2F7855A4987B48D,1.9
4E2FDCC4E3D54CD7A0FE09FA8537D9BF,2.8
F95CB19F5477411AB2B6634A2E622DEB,2.0
5C328FDCD5524B8897371EBC6E800B43,2.0
D4F16E2C121740D5A9EAA2A101B7474D,2.0
0853373A4C2645C192214D0CAF00B7D7,2.0
39882E066962446C8C70AB02C7735953,1.8
503F4FE4D5494640B46F3A91230C07CE,2.0
4B521C09D5F44F2C9C02A05055E88874,1.0
38F0713B7CAE47A8A99183E63455B086,2.0
0CDE4FE3DEAB4D95AB77BA3952248293,2.0
149A52792BED44CBB0251676B7D236F7,2.0
0208C5606A07456C9385EF2096200189,1.0
4D2A011246E24A478CBD4B3E79F512E4,2.0
654617A0544B406E9CEF87AA74EE77A6,3.0
7067CDA062EF450BA5C3B48823CDB72B,2.0
E4400F1D56A447E6805958D33387FE19,1.4
BC0D763827034586962DEBBCBC922BB0,2.4
454EAC793A894DF0866E102219C00381,3.0
410BFE361E18440788A57B566C8CD495,1.0
771273692A67432992DE68E428D065BE,4.0
121D2A7C965B4E7B911C73BF98EF9A43,1.0
2760BF1F70B0435BB565C27AE75A5007,2.0
6A09E09E7A5F4787AE88FB336C75CA22,3.0
BDAC96DA199046C9B8D0103D232FBDE1,2.0
FDBE692821F143698F2CF83E607049E1,2.5
BCD8190ED3F64A189317DE89E76175C6,1.0
D01B74700B274A0E8676585898E7F68A,2.0
9A7B751B43D04021814BB7A90D439E6C,2.0
A1EF3048839945A2ACEA52F132065CC1,3.0
E89DC7CA6504422191C05269DDA4790F,1.7
F9E471CDAF504D37B97A807A75833603,2.0
1012B88E83014C03AFFBCBC7C7D16A59,2.0
B27C93FD715247A898B95DE597A9DE3C,2.0
776ADF09D32640449A1785E66743410F,1.0
8B8C440A7CDB43EC8114908774015140,2.0
F73DE399988643489C9065ABF9613276,2.0
CEEA5CEF27EB45FC811DA56244193E28,2.0
9EA7C85A90FF4B04A88245671B43E353,1.3
D795E04D0C624D87858066E662CCC4A4,1.0
7639F04D92B74827BC5293BD92952A9C,2.0
70CAA027E6AA4657948184B4F908F4DE,2.0
3FCCF0A57A29416DAF75B1C0606DB423,1.4
E423793BA33740CAB8CB1E2977873742,2.0
29F9283148F443B2BCC4D64A9C9693C0,1.0
990192B92AA2476D939433A486FF6740,2.0
49EF8F47772044EFADF810E150A6535A,3.0
0AA37D5D01BA4B76A3FF64C0B1F49B70,2.0
FD19CDCD554F4AFE8E1787FDCDA84A49,3.0
2D9111ABEE60470DB4634FC73BBFCEE4,1.0
A929C898393F4D349BD534CACBCAED47,2.0
470AA9BFCD874AAF9FC46EA8471AF241,2.0
0AF3E3CC85D14A76BB40B747590A18CE,2.7
11CD5EC4C46E4A3CB2DB91F7F0105A0A,3.0
938527858B364F458E8574E4F2B2DC9F,1.2
5B92EE67EC2544C59D4A01CDB3379C3E,3.0
D3C47E40F81B4230A2E771EC4C15B001,2.0
429EB310907845B3B33011556770C287,3.0
2F16F79F8E3B43A1A7A0833B1AE9724E,1.4
9B33E5D7F729415E9E3E44AED0698E70,4.0
4A33C8ED20524EDAB12D9E6D4512A95E,2.0
65A4C986F12C46E49AC13DFE192E5A5C,2.0
7E697D77A21C4D83BDB1F04BB5E52CE0,2.0
1178C8EFC7204BC6899895C71EA5905A,2.0
9FACA33E1CA34ADEB1AB3319776B1BE3,1.0
DD57C09887D742EF972D7A1188224826,2.2
75ACA6EF88884863B7D3EA2AB6B01375,2.0
B5390E67D0014E268733B7E1F49D8244,1.7
BDDF56645B974630B1B55C20EF5C9D29,3.8
910D1775572B48E4B3886EB5D4B82C26,1.1
D875A27F92AD4F7DB26E5CC0E4391095,2.0
D4D20AEC949043A4AE0A59D7BC75F35D,1.0
385934DCE1CE4E96891EDE6F2046C123,2.0
14F6E1C5489244FCA53EEA52723D184B,1.0
0F529642757B4606A66218234DB33233,3.0
ECE69676A94A4472930E983271324DE8,3.0
F195FB9A6E66495FBF1789FA639871B7,2.0
98D7F86E7D03430D8B240B0A43ED7517,2.0
D46BE7DA10364C449462CA62B622BC12,1.1
7A4DF47EC5B94EA8B87E161BDBCD63E5,2.0
E5BA0D6A7AD641ECB4F32C9243B95B8D,1.0
1EB3FDEA86BF4FADB47DCD61CC51EBD2,2.2
357805C9BEFC4676B8297A728BED3401,3.0
94F9CDBD19AB4C17B1708F90734737F5,4.0
5F857C4BA1EF49DBAA2888875A01B2D8,2.0
BF9598EFA22B45F6A369CF7EC7CC9917,2.0
324D094BE0FD46C395C631D197F3EE52,2.0
1099916840D840E993FFCD9246A1FD69,2.0
DDBBFEC7BFE14872AD05015F5E2628A8,2.0
F973A29F9F55487C9031FAD5DB7980F8,1.0
26963DE0661645E9A3B401F9028C6167,2.0
EA8381D416CA4A54A76DE392FEA07B5B,1.0
02005180DD3F429DB8D8609BD1BAA324,2.0
8BB284D0230149309B28A5A156F2929E,2.0
0D0C71AD14554F87A50A412A134BEE20,1.7
F4B8D688DDC74840AF7D252BFC0F1CA5,1.0
75245C8C847A4403A92984DC5EDA7D74,1.0
575070D4EFA046F9BC19051ECABE1F75,1.1
101BC14468D9424BB044FE88C13CF6A9,2.0
94F9978CC10941748792AD87525AB043,4.0
6EE52562390F4564BA965E2054A24FD5,1.0
C4CC1A11EFF24F8B99E5D444DC1C547B,2.0
E67EB3C72B2A4AF78C78DCBD110CD609,2.0
2588AB0BB0B94E3099C70393ED15FA82,2.0
A5D5C5D303C046158F22ABA506F32C37,2.0
6AF1A91E12DC4A4C83648DFF72280AB4,1.0
97C33B3B66C544AE830AA34516E410F3,2.0
D7BCC7E32DB745F6BD30AA733F208E3F,3.0
F95146BAF27D488BB7E5067AF3819BC5,2.0
67E7D55F665A49D38C82E49C72B7077B,2.0
D6BE20A4C7304788A423C15148228856,2.0
FB75FA2239D64E6880DD34C1FBAE1708,3.0
957B4C4631E84C4CB58C09ECB9AEB119,4.0
0EE9C57921A1405EBF309B4A0F5784F9,1.1
FCC8D9FC3CAD44BC9AA129B5A96241D4,1.0
6D28F7F1FCE045C0AB5899062D83A846,1.7
2284CFD9254A4037B906C5838D380E51,2.0
3D338FE747B2435A836A60675BFAB5AB,3.0
2037AED74826402D8038FC6D2BAD1198,2.0
ECB0463EFD804278A8AE4CEE3D360CBC,2.0
A47B50162D1148BF9E383D9BB5DC4364,2.0
6BC26EF615BE4597B655FD7D9C523115,2.0
44C741E5295449BCA699E142EE403E09,2.9
5E88B8FF9E1F419794449AE09FD26074,3.0
327FEB111FA84F148BCF4D5B276BD79B,2.0
9E8FBAEC0266420B83C3C0701936DD74,2.0
4AFF2DE54634410BAA59EAA6A44A077E,2.0
7D0E8987D20746DE897948ECF7D9F2DF,2.0
7A3E53A648D04F6182A94EE11FB32D52,2.2
F275751D6E3646F7BAD36D7BE6A2216C,2.0
EE57C02184CF4ED3B7C0723E162921D2,2.0
CA8A63ECF4FE480C8B8C9C10B9F402BD,3.0
86536369F74142B0A1665EC8D8EE4133,3.0
D644051CDD274BE0B769A0C67C3D6263,2.0
20576B9BE59F4027AA731D2229D46A86,4.0
8D1AF2C0B2D14AB2A6650026BD38E3E1,2.0
BEBB8F15D6BE4B3DA89DD5E632CE085D,1.9
29760B4C132843E3BF741451B41188DB,1.0
67DFEF38AADC428DB14F3880ACE06AE4,2.0
289066F6AC8D4CD78456020CE9053000,2.0
84220A3AB7074ABD9ECB0665696F6B6D,2.0
F3FBDF0460E748A7B3E74CD5E7AEAA2F,1.0
75F6BF20A01A4119B31FF392926F51D8,2.0
D82598F1795943DEB83F3A2003690502,3.0
A112A84CF4F542B4A72355C5320D5BF7,2.0
83F54A899B7B4F80BC673338351C070E,2.6
E5C6A6CB79474CDD810EE16B25D039FF,4.0
82BE3A4AEF5841D98102BFC1CA702F73,1.0
EF80EA5B29C34BEE965136E07B65033A,2.0
ED5A5E891CD644CFB90768EE00D19ACF,2.0
AA4F26C29E694FFAA7D940A3EE39A8B0,3.0
A0352140A54941EA9C182E7D0A26BBFA,2.0
E6E647E5CE404489999DEC4F68C571BD,3.3
BE193DB52AE04E0EB0813A7F2F5856C3,2.0
D7D05169A740446D840874A0CC99131A,2.0
A8BA20F69768420881D806F568442F54,1.0
469AB914831142C3BA902D74E1156026,1.2
DDA88A6D4D9F4E67B0F5E8F84E6C058A,1.4
DF1EDE16E34445359B1AF9ECEA243241,3.0
1A51D8E2CE7049BDBE28693DAABBABF3,2.0
3F3F38D7A96F418688589E4E8234AE54,2.0
E578EB1DC0DB4590A8F87AAB21240330,2.0
C9AC636C7DF445039BE84DDD2560E7D7,2.0
CE343675126A4D768D47D8A17D6B7198,1.2
415920631C804F14A78E5693F206DB05,3.0
CEF90A9750A14975A1635F511125E26C,2.0
86AC43B97E41405EA76294740819988C,1.0
7EE8BD074D08465092037F61167610B1,1.0
E0C738F22DFD4123B5CBA845211CC366,2.9
C56D462D22D544AE83944DF46F455E51,2.0
302B54DD01474F02A809FAA6D13B7FD6,2.0
86D9E5D7E44941BFBF9F5DFBCCDFE621,2.0
3B35B1EDCBCA4C48BAE27B36DFF4895D,2.0
78CFD14BC60E4CD89845ED7BFCCD1A3A,2.0
7CE8249F0BFF435AAD889F36C69249A3,4.5
D07EF52D41F747F0A7A3D65499269351,3.0
1BB361ECB74B42C78AC11D59A282BC18,2.0
BB14F01A68C84342A30774BE7CACC194,5.0
89FC5F1EB68E46EBB28E48F6097DADFB,2.0
55356FA0457D43A6984429D14D45DFDE,2.0
78B3FFF6DFD04735A8A31C935AC0E8DC,1.0
E221924AFFA44D3C954FBCC53940D16F,3.0
CF2F4ECB472D4A8FB3F2B87E2FD4EBED,2.1
2D2158AFE9164BBEB1BCC567DF16EE43,3.8
DA2BEA14C51E47A9A6B2DEB134324451,2.0
C7988C84903D405BBBE4666A58D8D905,2.0
B4472D7A006340DAB0479E9A94377B22,2.0
82841C33B7524617AA84350322BEB7C4,4.7
C029CBBE13AA4D538C32C76414738045,2.0
7234B1BCFE424ED7BF21B3736F2C7C1C,1.0
5628228E9A0B46648B985C76A36E20B3,2.0
11D6AF61B25E41388C456EB41EB024BE,2.0
D63B124998744FA3954B4A00914B14B7,2.0
1180D15B52964519B0D59955E9AC5824,2.0
4525D99955E24C78ABCF0FF53552A248,4.7
72B24CAB3612402FA1CE04E6DA551807,2.0
A645095AB4DC40E49679CAB82501C8D5,2.0
F6789F620E9F41849A135518A39EE5D2,1.0
1CCD98D1E9D84CD881101623E08497F1,4.0
648738E6540E427AA3AB6306F0714C5B,2.2
86B55BC8EA864172B417A87979C810FE,2.0
3FC39F1C3E124D2595F9FACB30BD45F7,2.0
6D53A8DE8A58412BB41DC41224CE6C1B,2.0
4068D798CA4F443EBDA0836A346C7FAA,1.0
5123A97E6C6445ECA08C12E7105F3D8D,2.0
F974179A9AAA418D829A7D31D00E6E67,2.0
2A38B41FB5C246239772EDB4E69C614A,3.0
157476E370EE40AAAD63388D50DA4B3A,2.0
C4680CA604AB4B0BB9792EF2568E5455,3.0
462EB37F949045FCA9528F02AFFDA2EC,2.0
A203BB9435704A2D8AD4D1C4D8C3AD1C,2.0
7621E550B2C543E193C57E9693D11181,2.0
1A6C31F0B66C4D089E4C03C024F7F6D6,1.0
508328B24EFB4DEBAA4AF1D0EDA479C6,2.0
03CA77327B5C48A78F80A6534C992D36,2.9
D0BEDECCC6FB485C908A92D60B8AECE2,2.0
954227E3450D49339CDA0B57583E449A,2.3
567B82882A35454FB6E10CDB701FB056,2.4
576D7F41B6644A228BB18FD0AB94FDCF,1.0
917E60FD47AD4F7CAB9584AF61D87D88,2.1
F33DBBDAAB02459B99BF8B119A96105E,3.0
F0384787161A464CB5B850CE515D1B16,3.9
7C5D557790D84385864BB284938D4955,2.0
E6D642BA3FE444DCB70BA3C2ADA4A10E,2.0
FE5215A81567489FBC60930236B1C65E,2.0
2EF8FCE305884704898D6557DC094F28,2.3
02F69BEC8C634062B8BA9A11CD95D854,2.0
FA0E0F86F34E473A93FB93446C719DBF,3.0
01CB72D51A3A4E6DBAA7F3894205E895,2.0
442A4DBB859746FE8F9EDBEB6AD1A519,3.0
C9BF53412788445E8DF6EA065AFFA0A6,2.0
1D915405B9A54AA9A75C608026E3E3CD,2.0
CB5A34FA5236466ABFAFD21116280BF0,1.0
EBB7CFA48E0B429B986A48140B7A38C4,2.4
8BFBA32CB8FD4446A7FCA7A3BA551D9B,2.0
FDE86FE9E3464F1488DADC1E10C73C83,2.0
E33BCFDCFB54482A9AB5822BDC4ADCC6,2.0
370C0B06651E4C23AC8CD94C86B91E85,2.0
0B69C452EFFF4EA189BCD365119EFE15,4.1
A337038A090547458FC0D162EFFD9BDC,3.0
C00B7F79D4C944AABF7219589DDAB05A,2.0
972F5FC312B54088BD1700B63688870E,2.0
9B04594D157B4238B6D29D87DBA83115,1.0
1985A9BB450945ACAB74AE551F5F4855,2.0
704EC4CF11FD450A95C57A0D8635261D,2.0
8647B6B17E1145EA97FD346D9B7EDAF5,3.0
C22F7D9519EE439CA81B55F9AC9E7E2C,5.0
ABCBB9F2748C4AD4932C31B3D37B4BFD,3.0
D89794CDF79C4FEAAD00890102CE6449,5.0
A0AF40BE5A6445B58B94C637229FFFB8,4.0
5DD08083232345419941C0C1408696DB,5.0
3223950E5CB54F618F25ED399A04977E,3.0
BEC6553BC21E4DBA82FF5FEFB9F8FFC2,1.0
26784E6E5F4A464CA60AB5021596A8F1,1.9
D318DB20064E4F9C83C673D14F8CA03F,2.0
FA34CD4A2CFA4A01B96520AA7B9E89F2,1.0
C838A1DC213A47F2BDD4320901238FD9,2.0
3E3E0CB0D90D4B86847327C4BB7FFD15,2.0
3C2D5F4A00724069BEBA5DD222B8665B,2.0
B39E6B514CA94087BF3F33943578B155,2.0
623352108364417692BB785563EFA081,2.0
8A833D7BE10C46D6A74BFBB00AF80ADA,2.0
E4AA2713E85B44218945B12E27CB2643,2.2
049734E259614A7AB8D2272D7744C2DF,4.0
F9BEECC96B984BB19331E0EEA3DB2771,3.0
B4E22E3609DF42C08D79756A3454B6A6,2.0
99C3C375761A4434AF9A1FFCF9AD723B,2.0
8F3CCD4D2C5C46F19799E4F9C300AD39,1.2
662F9702F17848188C63677451353225,2.0
BEE923A7BE164DB186A0143410C010B3,1.4
9EB0772D53554FA28FEC53F2C150466F,1.6
DD2A0EC3C3CB4CD8A396F4AF4794A87E,2.0
2836DD929EDB4032BED9E89365744F28,2.0
6B477439D9B246879B6AE031CB2A14AA,3.0
C4C8821A33A147A1A2B9C19923CAC295,3.0
56137B5BB1CB44DD94A3214A5AB94B1A,3.5
CD9F525D78B147159AFC81C2BF67C1F8,2.0
4504F2F68B1B4EA09313AF20622892A4,1.5
1EE9B1E9E0C44235AF03D01A174A18C5,1.6
D25110E059924467BF2519091D6007BD,2.0
98A3EE780A0A486D9D2F00FC163E2CD6,1.1
D4724FCDB42F447D92D4F2FF874DF2A5,2.6
FFC25194C04B4FBAA3C1E9947C2118D9,3.0
C862A5CF5FDA43BFAE57827FA1F9433B,2.0
9216AB51166F43619C23598115937CC1,2.0
EAFD5ABF76A34F6CA90400CE5B301578,2.0
D6A15B2FA41D4BE7862949A9E67C2A12,2.0
C86235A87B3D463994BAD27C6259B250,2.0
4CF522A5ED484E9EA5DFEF6C1461D0E8,2.0
039E107421874BA791EFF765928429C5,2.0
68AE52DF98C44E0A9F6C0987FF3032C3,2.0
90A4FC6F57C4448593B7A6951CCDD36D,5.0
36BC5324061D47F89FD0A0EDCBA61C13,2.0
09D69EFDCC544667B496DD8E75CF4EC2,2.0
7255EB8A9E794A6F8EDACE6D477045E6,2.0
8F964D815DE947CBB9BEFE134A8D3C59,2.0
E769B916E2C24C4992A419B4423AC7AB,2.0
93E2CFED68164DBFAF8C9EE0BE15CAAD,2.0
EA585D19541C47009C5A85F75C70AE39,2.0
B44DC75BF7E044F7A66DBFFA1EC9F692,2.0
DEEB81D1725945B7AB9429E7BA31A5D6,3.0
6A5FDF06CA8B4FE7B05C106446690B25,2.0
167F183F162F455882784CA4CAEBA8C2,2.0
DB279AB2277346F586CBF93CEF1D9F2C,2.0
577E89BDF2FC4EED92C84DF58663F97C,2.2
05A0D32D60004012B4E9E9F7C6AC9E9C,2.0
ED7A60B0117D4209894A70BBCB112560,2.0
B7D21927472C45B3866D10E6FB320AB8,2.0
0446F349A5964682B208695E85157806,1.3
5FBBC96F4DA94EEFBF1FCA4F75BF70B1,2.0
4FE4C712540741F193B5A86200578B11,2.0
5A78BC6594F84ADB8A721FE0A74DF84F,2.0
82EC98C47EC04FC0861BECD187295BE2,1.0
A435FD8138404717B388DBF5B1681D23,1.0
7F9ABC9A201D472780603DFDD676E782,2.0
0C14518F6C034C4692FC422723D757D1,3.0
12A06FBAC02B43F3A1D678274F40E3A0,2.0
F2E00CD3924E4A17917E2E3DC5BF0C65,2.0
BB4425B8968743B58AB851EB0E2A9FA9,2.0
09ACEC563ABC424BA9B71481D572E6EB,2.0
23B15143C4924D5FB068212159B59EDF,2.0
51F85FF6DEAC4A17B4437C326BC61169,2.0
6E4739172E204F75ADC43F68717153E7,2.0
2A1A53D9701045558151E6DEDF343BC9,2.0
2336B2B4B8B14A59B19D073F0D0C9F56,2.0
A65B0B83594D4AB6A3FC8DDA3624FC5D,4.0
355FD73BD50C41A38E8FC172C3029544,2.0
5643C7EAD53A4618B90AF46818BDADC7,1.1
4F1B972C040C4276B96702FB7B032E2A,2.0
442A496F82B142BD80021310AE144EA7,2.0
75B699C5D6564DDD8BE5AFE1FE152267,1.0
757649A93CB94B75A0161FD02A0BD864,2.0
A4FBDE8264E2462C9C1493A88B665061,1.0
EAF09BEE98BE4DBB854786B5248F20E5,2.3
A8C8741BCF3A4E5C8FCC16F930D06FEA,3.0
F787DFF35667468D8668D776F552B56B,4.1
3BFB5D6B26CF4AA2AF6071C252598B9E,2.0
52F21B0001B04D9BADE6BEA0550B5468,2.8
745CF570B3914D5EBAD386776773C469,2.1
714485473FFA48F69AE7FDDA17CA231C,2.0
494A4300E2F54EFCBE892EDE8799C69C,3.2
C8FE9659987D45BEB51AE883528C5534,2.0
2651510586E94B65901E55227215743A,2.0
678C8BA851524B3BB77BA63C400DA3ED,2.0
A13DB6E8628B44B4B5DF82B5032D6B34,1.0
2B21B7636CAD4FE3B5E616714E830F53,1.5
5E946D3F85BA47D9AA7658564831039D,2.0
EC7ABA5A44CB4DEAB5ED3305123D9206,2.0
53EC3537DE064146935AEB7AF294D0FC,2.0
91E86169A89642D5A311888077473AE7,3.0
80CBF35491AE43E0B420E694500ACA84,3.7
3B54AA1060CC454F82E04F6CFBC6ECAD,1.0
2447EDCCADFE42F689291E5BF95E7FD0,1.0
0CDB6846CCF84D4EB74B6669E59F9CE9,2.0
21727F7DC5354EDCA80C499E02C4E3A9,3.0
14262C188767498FBC2189CAD3C0755D,1.7
9B26B8D7E978481BA88EB1816CD50BB3,2.0
D750FA1C2DAA4EB58460A5CB61135D75,2.0
327B7D78DA5845EFAE41DE3F0A8269A5,2.2
CB4D4CD5E7354B1CA41929C8C8E5E8D3,1.0
C631D309E0AE45E3A237144F9559B937,2.7
66A7A11A705944A7908EF734EAFAE1CB,3.0
01A1261072B54C388202FE35CED5769E,1.2
3249A7BD96A340AC98FFC864F3C626C6,2.0
838105A5B5034120951E1A5F0AECEE4E,2.0
E6300705A187412FB62D58274193B766,2.0
E682C2B30A144B14929B0B2D7C01E7D3,4.0
BF7C68F80CF74FA2BA25B610C9BFC864,3.0
4C2650ABB544412EA781DC835F694E55,2.4
1C701F03A34643B39ACFD7B07D8F862B,2.0
998DC8E98EC14211B82D53C27F55DF93,1.4
A4634667043F492A993D08B6484090E5,1.1
2A7E2B339E2B4E3C82FA88D0A979CB07,2.0
3F36A504527C4AC7A277741535C8384B,2.0
06D0A0B7823B4E6BBFEFA270E8EEB2F7,2.0
2B9A44D5789C4EC58BC98655463730DA,1.0
F090B1982D084DA2AFA17A23A38ABBEE,3.0
50495FBC2B5E49F48AECF4C929B018C8,1.5
543DF6EA7DD6462EBEA33AE6331211DC,2.0
8E1272409CF642F5AB2F9D4E6224DF9A,2.0
8A63A8C08763428BAA893CCF23D7DFEB,2.0
3D9847E1DD6C41FB92F1F1C1EAD5EBC5,2.0
873A15F13B55491394C38AE3FD50DEA2,2.0
C869273164954832A65B8D74AF83B272,1.0
68112AFABF74425F89F28C0B8E848D7A,2.0
51F0036AB7D14BC8BEF1582B1ABD5D30,2.0
AA5AF0DB305C437F9FBC60891AF77740,2.0
EDE126E2785C444FB2A5C7D816D77CCD,2.0
94002FE2DB674B079169628561CBE7D4,2.0
F0F451F8A03E4C82A59CC315A08289D4,2.5
499D829155574893B41A59D5B6D0081A,3.0
F274ED1BE21549FE9BCE3616803F4360,3.0
5227792AC8DE4932B94185303450E897,2.0
6C6C309D534C44A9B606E29397EBAB1D,4.7
A30CFB63665A497D989A61F032923E41,2.0
