participantId,row_idx,ic_qwenorpo400_logit
CA6D9DDED9F14A3EA9F64DE18338AD96,3261,2.039261102676392
5FA5C3EF9195444A832F0AE438613FE8,3262,1.263897180557251
B997B0CEEC2D4077969B778D9499165D,3263,2.01832127571106
5D84E7FEE554447E86288ADD31896E83,3265,1.7483361959457395
878E72361B994511ACF42CFCDCF85F7A,3266,1.671290159225464
CAEF35C4ABF64864977558F2756421D9,3268,2.413621425628662
CAEF35C4ABF64864977558F2756421D9,3269,2.454594135284424
E4BCBBA7CB934BB7B10517742C137FBD,3270,1.5133686065673828
3845F856F95445989C5399AC3A4D14F6,3271,2.0201237201690674
E5D3FE9DF5104D21BF2043F90D919278,3273,2.2568109035491943
EBD186A0CF844658B12AA7CA721DE555,3275,2.6590466499328613
DABD7F22A5884FE582A1BB0824A130AC,3276,1.4505306482315063
2D2D2BC64C8A402DA88B12389CEDC273,3278,2.355698347091675
2E1285824AC44F9CB95675ECC936E53C,3281,2.751253843307495
785E5BACBCDA41879A9782865D0C9B93,3282,2.575904369354248
,3285,2.17127537727356
6265E6719CC74F818FEADEF2DD050744,3286,3.210517406463623
35DC9B00884A40EEBF10C569D4588E9C,3287,1.379470944404602
39A8866323644614BAB13A9CEDB3E402,3288,1.220340609550476
5D494EDDAE23435D93B9FE8A42AC4542,3289,3.253615379333496
268A77DCC33A496DBE1C086D0717C820,3290,2.9561843872070312
BA2BCA7CCB1C4030859B5BC1E915D44D,3291,1.1630237102508545
BEB7852BA58641CAA0986354E13DE627,3292,2.083813428878784
D5290727013E42A08D597800BBF4EE17,3293,2.706897020339966
ADDBE78355E240D8AF1E859572FDF233,3294,2.782787084579468
DE590B4A0B2E416E812D5EE23852D334,3305,1.102259397506714
370D4E31F2944616B669B378381D26F8,3308,2.2588226795196533
542C8FC44AB6446F92D18292E2AE4FE7,3309,1.3908543586730957
8616880A8D194BDFA9C143F7170367FE,3313,1.3742457628250122
79A6CA4A11904E1A92F92385D609E206,3314,2.2366039752960205
086CA0EE50924484BA40BE283B35A167,3315,1.682803750038147
FA3C2313B81444E09C7821BF4B9C18AA,3316,2.323300838470459
806D226A01364D8CA035AF355D331A09,3317,2.7153234481811523
E6B070FD81DB4B41B90995BF2EC29068,3318,1.93009889125824
5F2597959DAF4493B833C6B242550D95,3319,2.042424201965332
A9401333581446C79C19DC592D58CC6E,3320,1.818750023841858
2F3660111C5648EE934D115C34124599,3321,1.81861674785614
9F482F5EDFD14D00B7BD78E60DF1FFBC,3322,1.873194932937622
D24AE6F9642D4D808E8ABD389BA93DAA,3323,2.383315086364746
6DD3F01138B1437F84357DA4197312F9,3324,1.926909685134888
19070CA538064147BED3C79A28E7C09A,3325,1.88651978969574
66B1C81A5A3D4DF48FDD6FA831513593,3326,1.2845650911331177
5B9BB96029434960AD960E48B74806BF,3330,2.371213912963867
FB485164F6DF4179954E551DF7B4722C,3331,1.887349009513855
087D9030446F4708A77326B5446D41EA,3333,2.148669958114624
E7403536FA54483B8A59905B91672F6B,3334,3.1688177585601807
71E8ED262A90475E90E0C265D106194E,3335,2.690480709075928
FB7B167CA9764A978A853C08D3D1D84E,3336,1.6069382429122925
5B5C3D85087A4E16BBF4767641D407C0,3338,1.7129454612731934
CB2A62D186194087B8BBDE2AA49F9EEE,3339,2.0298848152160645
2C9AF02F32E74B3CB12A9FF465453E50,3340,1.4549124240875244
C91C479CD4854176B4D9C53D334C5CA8,3341,2.226702690124512
07994856BD944213BD589A588737BEBC,3342,2.103346824645996
15FB8938DB8B4885A5A995ABADB04697,3343,1.0344443321228027
7797BD34431940B396C57112D07CE38E,3344,2.3479373455047607
35C167A8A69C44C6901146BCBDA40868,3350,3.50028657913208
DE486C956E5549A0BD5552CD8C34C086,3354,1.0911333560943604
8772FA5CB29247CCB540DAE99E0A1258,3359,1.312551498413086
5EF44FDA4E464CDEA4370DB69E23EBC7,3360,1.9025077819824217
DDD2730E405143CD97260529527F21AD,3364,2.1978836059570312
07C6B00CD8004F00A697063E4768921D,3366,2.0662059783935547
BBED2CF19D184C97ABDDC6EECCC8D6A2,3367,2.65364408493042
DC0318ADEE46488A96EF25BC30DB3A7E,3369,2.2111387252807617
1FD74281BB4C493197941F7A59EF21F7,3370,2.2977969646453857
87E19F0A0B31461484704A06DB9A84C3,3371,2.671498537063598
2F73EF0BA49545179129AA63CFD67E99,3372,2.477736473083496
D3062FE806514773B1E4338EE9726DC2,3373,1.8014276027679443
2FA543FD1C31419CB8107888D3E03B01,3374,1.5075485706329346
898D3B50103647B1A4905F69CDAA54BC,3375,2.510755777359009
AE171F9326C64AD5BC1F5ED42CC29474,3376,2.6936256885528564
8DD39C1AB44D47159D6350D3F4CAFD1D,3377,1.923918604850769
D087FE7AF00D49E189475F4A458CC6C5,3378,1.9303191900253296
4CB1B32B8BFE46BFBB0B8E687AC32613,3381,2.2456815242767334
D8A029B725344D868E107E4658F9004C,3383,2.6468279361724854
25F71B7E7775470FB337FF448B9AC304,3384,1.5986154079437256
B328D7890C6C4C1A9CD1168BB13E3ADE,3386,2.068580389022827
6C83E4A277D4435B8C934578B6E0D6B1,3387,1.6823102235794067
1D71A5F423D14CCDAC4CFD7D6589BDBE,3388,1.6559205055236816
4B5689E738C540B8A3ED1C64A1C95EFF,3390,2.100954294204712
FD02F9088B8146508FD789851FADCE92,3393,2.746509552001953
FA3BED3C33C047EAB2768EF5172A1310,3394,2.062483072280884
84C2244FADF24EA28CC26AC2EC025530,3395,1.1786420345306396
21FE3C17A65D4A13BA52DA9AB4EEE824,3396,1.2842596769332886
68884E94D0C64052A798012702D22A17,3397,1.0376348495483398
B2A36B9B11A04CA6A8258ECCEA9A6539,3398,2.352483034133911
1105F280E99348E591456C83703A3BBF,3399,1.0168505907058716
17B67E5365D44002A4DFAEB37E3D4E53,3400,3.284208059310913
457DE29BD7DE4BA3A54C9F5CEAEEC89A,3401,1.0310399532318115
754AB8D0184141E18588457E91463CDB,3402,2.2117159366607666
9C8064431E6F40B7A228D800BCB7690E,3403,2.2914960384368896
4E74BFB9A9064D54BC731E4F67F13B5D,3405,2.4885714054107666
1C0A5F63DFD849ADB3C15383741B09E8,3406,1.3931169509887695
C76241B0450D4C849AF44993EF743529,3407,1.900118827819824
96C6E669C6AE49678B7DD48FACF0C11C,3408,2.862955331802368
DDE7380303C1448CADD95EEEC03E4328,3409,1.0868850946426392
CB4076485DBF43DB877AE8C2633A1B1F,3410,3.5859391689300537
67175439A1D844C494F854A2DC028565,3411,2.784563541412353
5E2B9F78CC234959823388FE0E7378F0,3412,1.759284496307373
85593860D1EE44CAA07CD014FD26575C,3413,2.4951577186584477
407422007B99479785EA11A19D7609E7,3414,1.095476746559143
3D97B3A8899445649086C32172768C9D,3416,1.326996088027954
A8FC5F2843B04830926AA3936D92175E,3417,2.380476236343384
CAE8BA3E4ABB4E9FBED972FE568F0249,3420,2.610440969467163
1358E123C96B40AD9578730D671647EE,3421,2.857761859893799
924DDC80B7E840C7A98C14888F8453EC,3423,2.043241024017334
3D7E5E51E8D34A0D9EF85BB85DFCD54F,3424,2.9563145637512207
1D65A2E5B24D4176B9B911310BF0D5B7,3425,2.870255708694458
F3B8E51696CF41DAB16FF9C615AFD294,3428,1.3742456436157229
35C3D0CEE8644273B0838BA58308A4EC,3432,1.6195826530456543
C943E9E375944A26B242EDCAEC590A78,3433,2.498732328414917
CFCE3B34EC6D47A0880FD37C287DF4B1,3434,2.9581658840179443
12FDF1E462534A958855E4C0F43B052D,3437,3.1859536170959477
3E50E5C7826942788933DA580797EAEB,3440,1.96796989440918
77E6245293BD46C9AF404714A5325C3C,3441,2.517380714416504
62838902987043DC8C214DA159DA012A,3443,1.9729576110839844
B5AEAD4633F343DDAE27DD35EA73CEE4,3444,1.5828372240066528
40C2B12BAF114E29AADE0DD4B5F9DEE9,3445,1.1015357971191406
13AEBA33F4AC481480EFDE135AD00B81,3446,2.831031322479248
916FC0A5C8A34B31A0E0D8D6E02591B0,3447,2.5640718936920166
CEC7A4B04C6A45F18B8573869B6F8D88,3448,2.321010112762451
97C1A638F5244A6BBE5607072B9BA1F1,3449,2.6462631225585938
67398118ACF140429F4D0D8BBA7EFF7B,3450,1.8855605125427248
450BA15B1E9D4B76BC0DCB0D9BF11DAB,3451,3.147698402404785
7A90DDC79B354F57AF968AF47FAC3006,3453,1.8045803308486936
1C0FC937A2AD40F29F415265BEFD4B60,3454,1.7868356704711914
3BF34FD5578E41868E532FC03DC2D3C6,3455,1.3989719152450562
1029ECA6AC464C7AB9C32696E49DC835,3456,1.7798558473587036
3EE7421518B44A5F8EF9940751570B86,3457,2.316410541534424
31D4175571A14F4E84BF88D248E92969,3458,2.216804027557373
416EBD8D331F46B39221A4C38A815F35,3459,1.8042107820510864
1B09C78C043F4DDEA71F2D279298A0A8,3460,1.1350760459899902
5A9770086BD04D3392F149047113805C,3461,2.302884101867676
076C84CD834A4EC3A5D6ECE1E4C5EFB1,3462,3.3860371112823486
236117077413497587AB587EB79F2356,3463,1.0458471775054932
E11B95FC06CF453988BB2D548228184C,3465,2.166733264923096
A952A507EDCF4968AE0E868D78C0E2D9,3466,1.3577340841293335
9ADB17A7AA144C3382E815FD4DEB6D7A,3469,2.742647409439087
57904678F35C442D87F9B8D96EF4FF95,3470,1.0563602447509766
1911DB1FA0D04991A0DD8EE19AA60F5C,3472,1.247342228889465
3D56B864176F49D0AC42E3036A4C98F4,3473,1.7302567958831787
9CAB3C84E979458D9AAD1E45477A9219,3474,2.2729992866516118
3C66CEFE105C420CBDB539B9DCB3843C,3475,1.1687500476837158
8937A50CFD474B4A80410E766E29F094,3476,1.4609363079071045
E45110DA93C5482DA92B44F3C81BDC76,3479,2.6016640663146973
5272D29B1B084E63B81F7CA7D7559977,3480,3.0696702003479004
CF0AA90062C943E991CBAEA9D63F10B8,3483,3.092935085296631
B336CD14B1614BA3B17FEADD0AD234E2,3485,2.4336745738983154
46F47A528A7D40EE9335E5DA0D74B7CF,3486,4.028195858001709
8572A0C72D3545A0A3B982DCA5521469,3487,2.033264636993408
C5E774F495294417AD94D9C4611140D3,3488,4.040482044219971
F60D0E39B9B341108C330D7B6A8D6DEF,3489,2.0425522327423096
0F07CDB90B904FB79C385106E46337DE,3490,2.199403762817383
C7890E0F40F94E5EB8602AADAD680BCC,3491,3.221001625061035
E46D7A0406C843309BBC7A16E2F896B0,3492,2.00945782661438
7DD8D339CEE14D6CAE0E9AA89421E55B,3494,2.5098114013671875
2CFC520F25DE458DAFA94B97813B94C3,3495,1.168434739112854
3DDBCB20A9834E41934460119365B58E,3496,1.947644114494324
BD7A119AA6294C0DB0768E33E0E4A403,3497,1.694506049156189
70B5BC8D2C8C4E2DAAD6DA4592444B14,3498,1.1875468492507937
CA714E7531B142E0912788F616A2D216,3499,1.6550086736679075
B8FDA3AE71BA455F9F53DAB94B1AAABA,3500,2.912864446640014
D0F64A9BB3F54C1587E1C926D291C7A0,3501,1.451303005218506
470B1E0E71A3465181D73DDA83E66D55,3502,2.7006256580352783
D3041545B120407588C50868ACA7A507,3504,1.527541160583496
9793A19549594627874E30D4DC00894D,3505,1.3175934553146362
A5286C165E4A423280368BF2A4F20013,3507,2.4000566005706787
CE19814B039849239B22C486C717A9CD,3509,1.34597647190094
CB57E8075D5C4A07A4B3C6FE4A757CB1,3512,1.6178984642028809
317733C516464C9D837A0BDA9B4D2710,3513,3.2404301166534424
5302B454B6034EC6B5CAF4FDE66B67BA,3514,1.5370447635650637
46C36D77E4B247AE95721BC9779FE422,3515,2.365527629852295
AE341C099F464C02A6DDCFAF0C8CAFD7,3516,1.2574766874313354
B743D90FAABB4143A26003B83404E3FD,3517,3.177391290664673
0870B39E7CB348DBB74699311458D574,3518,1.5431673526763916
62233F0A7FAD4283BF8CD77F9DC02863,3521,2.4033124446868896
80029BBEB5964A6E8F03EA88D86FF2D9,3522,2.3585023880004883
B868828BB0BC458F8361F812C1B03950,3525,2.538670063018799
FC70D095303B48A580D4AF27415D74D9,3526,2.1050682067871094
62F845DA81FF4D948AEAC0A541012217,3527,2.338762044906616
245C359634154BB4BD502B646AAD3CF4,3529,1.2630767822265625
758C5184A0E34222A34A4544D7732CD5,3530,2.366219997406006
18BDFB63C00F45EAAF36A1523167E72A,3531,1.2094041109085083
89D50DCA07A14E67870EC65D9551E1B5,3532,2.164069890975952
1622AF8EE4EE443AA49A981DF47B3F20,3533,3.1458828449249268
FA3C13CCC4DD41B7918C5F61EF555CDE,3534,1.7388999462127686
58B50B0330FB4CF1999F5BD11ABC0950,3535,3.084235191345215
C9C2B45B9BAC4E2BB5A728002F2849D7,3536,1.6420446634292605
33E25313BDE249ABABF0C76022012B56,3537,2.8117995262146
A1FECAA4554A439384DB3762F624DF38,3538,1.560145378112793
58CBADD914294AB69955A7541368516C,3539,2.141735792160034
990B2A5D98AA442DB091C14AD6F1E96E,3541,2.6169309616088867
77BCB91AD68445499F0FE58BF2616AA4,3542,1.879913330078125
1075DDBB613A424F83ECEC34A276C563,3543,2.612926721572876
7732F490FE5143C1AB9D25403E7537F1,3544,2.607987403869629
A38803A9795C439EAB69D019AA84EBE8,3545,3.135364294052124
4A83FD8211ED465BA2EF3CD4305340D4,3546,3.2802412509918213
F4A8A8F3DA274D4F882C1F84208C1F0B,3547,1.4085018634796145
620A0737096A40D6B0B59EA75BBA3FB1,3548,3.073962926864624
A07E42DEB5924CD3BA76956E4DD9A0FE,3550,1.8447504043579104
B2AE6B6C6C6C448E944D560048796462,3552,1.4085898399353027
4AC2D07456B545ACB8F6D2550AAF4504,3554,2.1169278621673584
08D772DD15AE4E60B08F007E0ED2A561,3555,1.7667385339736938
DB53125D33AF4794973F98BF23E81EB3,3556,2.702756404876709
AC4AEC5569B443E883546DA96F650E5D,3559,3.2398784160614014
779F41AB59084F58A77A2E818CAE8E8F,3560,2.2222280502319336
148BCE8EC3FA40E1990F1B7018402078,3561,2.366058111190796
D7F49450FE394EF381E3AC83CE62A1E3,3563,2.884082317352295
308EA3A6D1B0476B97CA33AB867F3DFD,3565,1.8120628595352173
D17BAA8C308F4C2790ACA81DBAD83F9D,3566,2.972642660140991
DA8B15BC54254E0FBD50D7B01A50DBE8,3567,1.5955325365066528
21C9CCA31AAC4871AF17A99AF86F6B8B,3569,2.293727159500122
CA18651398984F8E92B3B55836F8F406,3571,1.3641725778579712
EB7BD15FCFF04945A3274B88DC7673E6,3572,3.401211738586426
6CD36AE80CAC411BAC6609488CAB2F25,3573,1.7910021543502808
31013C2B7FF14D1190DB5446856900EE,3574,2.76123046875
333E1A6198C24C9999D0FB9EF92BBAF1,3576,1.5365755558013916
50FF9C3A32B24A50B9782E0B8DFDCDD6,3578,2.1224613189697266
C543A1313F974F03B538F3D38573C2CC,3580,1.2150945663452148
2C840F5C8F454238B2C06276815C9128,3581,1.4091455936431885
98C9A51E4BF842C78957693EF843F947,3582,2.380933284759521
1EB7F52970164AACBC49562BC0DDD1F8,3584,2.175404787063598
790D6B7C59B74510A2B35D4239BB5B9C,3585,2.4068191051483154
,3586,2.27651309967041
17F76C77FFDA4939A5241C48FD944FF7,3587,3.414499998092652
01213A8CB5FB46289C06CC398B5FA3CA,3588,2.312795877456665
A7011234C0434A788B32678FA03EE316,3589,1.4331599473953247
26460D000F174ADBAA1112D1FA7795CC,3591,2.505403757095337
1444980EFE8A49AC831BFF95587A2598,3592,1.7678214311599731
E185075D55AB4DEBAA9C9D0621EDF80D,3593,1.408761501312256
3C378F2716C04C0EB4FD62856B8C2152,3594,1.2694475650787354
C1EF808C529B4C3D97D058F86845F561,3595,1.1517194509506226
4B45043408B246788F3CDCB4490EB13B,3596,2.1753828525543213
21F6CDCB97C142B5B2BD10FB787C8CE4,3598,2.5647850036621094
3419143C9E9C4AD49DA3356693A6670E,3599,2.725031852722168
8E77F51F5FAF4544B3D1CB7E19D43424,3600,3.395143747329712
06509ABF49A94142B88DC712411A996D,3601,3.2078516483306885
861B6EF57A784130BB075C7D607E810E,3602,2.0117132663726807
20256F004D8649048966FE9AA4A66BCB,3603,2.286128520965576
87B45C75439E40809963DEB00A1275C6,3604,1.0500162839889526
,3605,2.268495559692383
587C9E7D042D4F4D892DDBBA1A3E8F38,3606,1.6506966352462769
E8B8DD55BECF423AA5FB0CD3A547A315,3607,1.464640974998474
DBF56BEFCAB740E8BF5DFB8A850D1955,3608,2.1741607189178467
B8805DDF80A84F7593E0D7880D73E6BF,3609,1.554776668548584
871B28185211428E991355A272E37CC8,3610,2.195711612701416
50437DB8F9994C248E7B9A7FB7EA4F58,3611,2.1321921348571777
2FF4161DD15D44B089E7DDC376C6AF1D,3612,1.422335505485535
CF3F2F7E8C41471BB488C5D69E652335,3616,1.937778353691101
24D9BF54E54849D8B1C080FCE29FB5AE,3618,1.5027700662612915
D4303F1EB53F4A0C9EBA0EA46F4A7C07,3619,1.168419361114502
A0EADABE119B476082E24737203676BA,3620,1.5939488410949707
914F187F790C42F89E3C88F06E401B9D,3621,2.2836740016937256
B2A470B2B06140B5A52CA539A5BE53E6,3622,3.4176225662231445
88C5DAD75FE14543B266C83E75A5CB17,3623,1.5549423694610596
133B9D68F1184746B257752CA3155211,3625,2.485434532165528
12208E5C66774C13A615BFA1CB7AABF1,3626,2.7549145221710205
876B8D5D407B459FAC2A20EAE36AEBE3,3627,2.211111307144165
B844585701EF4E6CA3F0CDA6F34C831B,3628,2.851572036743164
BC2CECFA842F43F7A45D76E8C6770F5D,3634,1.6810094118118286
DA23927A44E04612B9C4D5F8CF461677,3640,1.226317048072815
60AC34CB88474422A00F2AFD7B957A88,3642,2.6390676498413086
,3643,2.888866186141968
DD197B4BE40F4CC7805974AA696988B3,3645,1.3013248443603516
26F15A9A7C5649CBABA7C2645DE13CC1,3646,1.0305018424987793
2694D61644CC4EF39E022822E40CDA28,3647,1.9667822122573853
0CD5A01591584DE1940F418669198AEB,3648,2.2354907989501958
9155D46C12524363AED914942F4ACAF8,3649,2.307267189025879
283D0E5EF75F400A8CED1828E7D98EEF,3650,2.829617977142334
5286495E57914CDF8544D18C655AB97E,3651,1.0517451763153076
ECAEFE5A63CA472C8E6CABBEFAC0539D,3655,1.755618929862976
60C203D375EB48389212BAA4174EC8C6,3657,3.2319376468658447
8AA4040A673E49829F547EE5B160077F,3658,2.072449207305908
2A4B6E3B4F2C444B8428EA05DE1E0F13,3659,2.28715443611145
0E61CE23A6B14B9C9C3521FFEA15B30B,3660,1.1938612461090088
DFAEEAECF8A24B5FBD5D0E66628F3BFE,3661,2.355517625808716
8E2B36541F3F49B685EF7800E5FD72A6,3662,1.7880488634109497
C47AFFCD72EB4F5E954A1A6E3FC13EF4,3663,2.505051851272583
1B7CB68BEA6643B4B5C93CAAC59B1B85,3665,1.3326884508132937
19BD49C073C342FFB0E47561FD0A0482,3666,1.759735107421875
119ED95CC62A49DD9EEF4B30FB69BD8D,3667,1.0706452131271362
CDC0E75C0E514FD5B110D746817C75BF,3669,1.447681903839111
09804C26E1FD4C718AE81F0720A2B530,3670,2.0332508087158203
07523332618D4AE4AE94908E956B8799,3671,2.8590474128723145
3E32D8CAC622481EB523C2959705CF98,3672,1.2468476295471191
F8E7ACCA8A1645CEA240D557AEB2B91A,3675,1.884667158126831
D5B1375C55A441679C5159C6DA282764,3677,1.3906314373016355
99997F91ABA741E9B493AF5A3DD37848,3678,2.907336473464966
A8DDFBC902C44A9A97185F4CA92AEA97,3680,2.2803237438201904
383C7EE3C63F44078853C82DFB0D6961,3681,2.033026695251465
2375A8B7037348EA9C2E0FE4A0DF2D13,3682,2.4153685569763184
45D9B639509C4A72847A2C8D33D67C28,3683,3.3459060192108154
71D57D56F66E42F0949C437CB99AD11B,3684,1.8810954093933103
7C73BCCB934B41D2946600A2B090746F,3686,1.247456192970276
228AD4EB2EC34E60B1DD82F45D064D89,3687,1.788363695144653
304C7A9E8DFF4BE5AFA2E60C12656A92,3690,1.969695806503296
92F62DB35FF64DCB9F388C09166ED991,3691,1.5195566415786743
5186041E1D054D4D8C9A1A1285726503,3692,3.5106263160705566
F26254CB8C7449E0A8B73AF039C6A9A7,3693,1.5841008424758911
009E19CE60A84CC58886E3452627ECA3,3694,1.7570135593414309
2D757E24E13D4F6D8D57D07ED1691D62,3695,3.4580910205841064
E314B2F0B676428D9122CDC8E2B779D2,3696,1.2893918752670288
4ACBE97E1B1F40438FE941A3E07F69B4,3697,1.374287486076355
7F56950105CA4C559B99DE3F2B763042,3700,2.6873912811279297
F3D7196BDE93420FA3A5270617987A3E,3702,1.311627984046936
E0DDCDD4DC6248318AADE062CC508C75,3703,1.0086230039596558
40FF357561C14DD09CEFEB444508494F,3704,2.8188586235046387
1E9A55586B3A4A0C9F0703FEA6794BF1,3705,1.120895266532898
1A4C62E92A2448428B1731CF7DF4BFE2,3706,3.953744411468506
8B61FD56109B40EFB471E8AADAC113E1,3707,1.3986845016479492
842580F894184DE589555936CF12CECC,3709,2.562702417373657
102038E6AD664BA19B007CCF1A8DAA42,3710,2.001093626022339
7FCEF4E59A044EC0BC86B345874DD0EF,3712,1.8855150938034055
2D11EC67D4394968BD2866567D1E1665,3713,2.796531438827514
493C103ED0EA458194763D5345BDECA5,3714,2.802932024002075
B5DDA814AAA24F87924B5E6ABA505559,3715,1.1044379472732544
D114B08DC6C847CFA1C3C15354741922,3716,3.368281364440918
428AED8545FE43FB96EEA5C95FFC58F3,3717,1.0598227977752686
DDEC20BA81D14FBD858F86A41DBA6677,3718,1.1429319381713867
D66AA203C284482AA2AA1CEADDA1E262,3719,2.70243501663208
4C00C79AFBD9475CB9874331F930B885,3720,2.1112515926361084
349CB3DD67FE4620B8BECBC33C18168A,3721,2.0409955978393555
F09E533432324D7184942F597E78B1A6,3722,2.034932851791382
1BFF69F28F7F4C709EE308272FFCD1D2,3724,2.95313048362732
E699138A3F8D438F96AE27E8AA338EFC,3726,2.580448865890503
7EFB4289A56543A29359E1AD1AB42A43,3727,1.5832102298736572
9C2F139BFFB54695BF441277B44E7CCD,3728,1.2559938430786133
9E8DA7C17F754DDEB8CC0DF44FDE1BC2,3729,2.557288646697998
C235ED113BD64E61902BCB6C64EAF227,3730,2.05628514289856
2D796EA5F153478DA6A34507C8BD6359,3732,1.3196065425872805
210D1EED4E4C46D3AA7FCED923C8915C,3734,1.861815452575684
66E02539431047E69A626B7857AE9373,3735,1.99600350856781
1F4ECB6161634395999286C322FE5403,3736,1.2437655925750732
8A403239C134401A9089337312DDD1B5,3738,2.5672569274902344
1510AEE74370491D94A79DB96D23E1DB,3740,3.1019861698150635
4E9719B335AA437785CEDCA98B4E6B89,3741,3.48744535446167
2A9426322C3440179E27437CC2A57230,3742,1.0066710710525513
6C1964B0357642AD8167B7329869BDF4,3744,2.7273099422454834
1B7B6C6E48844439A675140EDBC81584,3747,1.4659335613250732
7BB86815EBEF42B687C966E416C3FF0F,3748,2.4936649799346924
E34E2DEE098B4170986DBCBF7C5BF11B,3751,3.425684690475464
10A70B237567432D9F0E2E1D1ED32A88,3752,3.324336290359497
DD0E1ABDE0FC4F9399330FE0A5480D44,3753,3.1813671588897705
B2E5FF75A2FA46979E78ACDC2F81BD5C,3756,3.3248767852783203
3C07AD5EA91D453AAFFA3FD5EA7F29A4,3758,2.811300754547119
BDA2E926245B4436BFB7A61B24F9C03D,3761,2.326039552688598
8C3737BAA63F48848DD24941744545E3,3763,2.6199867725372314
6DA6EDC1BEC94DAF8A827B6A535E48C3,3764,2.6104776859283447
A10335AD5A3C41508EF24FB1D4D84675,3765,1.6687911748886108
51B3ACC8512545A2B92CF7B68019D07C,3766,3.73514986038208
3223A70D6452436B8E9A93E108DE8D9F,3767,2.117051839828491
5E396C32E0B2479F8AD04A4D1AFF1EBB,3770,1.9309778213500977
BB71710586F9462896B603DBAB550C9A,3771,2.301685094833374
45F5D522D647460289600266DDAC8D28,3773,1.487639307975769
EA65E99B5F6B47E6BA89F90175657239,3775,1.3476014137268066
6B33C48D993643C3B55C8900306D52EE,3776,1.803892970085144
CC05864F5E1D4854AE8C7E483859CD9C,3777,2.717299461364746
2AC8345B47624637BDA56940A573B1B2,3778,2.2770209312438965
49C579EB4B8043EC997462A12A70456B,3779,2.4629504680633545
3C095471AA20461487959DEC036918C1,3782,1.8090925216674805
CDE61040F59C4A269B8A7A5DFBE1EB4A,3783,2.4854719638824463
0E0EA61A1F324F61BC7BE508D0BF50FF,3784,1.6258987188339231
3E3FB707C0C94C58BED6B18DCCFF0126,3785,1.3561999797821045
3C4E54A8D6404DDE99ABA847973B0413,3786,1.4623212814331057
A86DFFC9F2DA49D8B9A11D006A9769CD,3788,2.3428597450256348
32FC87F1C127480BA90BCC9764065560,3789,2.46008825302124
6F4AA7F9EBF749D7BF17D3EA6C77C058,3791,2.7851126194000244
,3792,1.4774658679962158
5B51EAECAB8B406A8941D129A9A3C927,3794,3.924426555633545
4C1016F522E84008836FCFF44D7D0706,3795,3.119223356246948
ADBAF10BE4E74FCDA537EC45C852C0FA,3796,2.607757329940796
4A2B176F53F54FCB9F08B60B74337249,3797,2.164599895477295
E6D26C9640374A12ABE707D16B3E9A9D,3798,2.146540403366089
5FA8CD03C938437EA3E2AD01A3F29BBE,3799,2.407346248626709
406F110720FF464F93F622B32DE17059,3802,2.113353729248047
9664957502D74D3C8F6E6D05FBD2BC06,3803,2.990649938583374
35C1513C56B0434C950E7DF6D3E95155,3806,1.7909621000289917
9DFA60556874420E81269F1CC7A4C5CF,3807,2.2788586616516118
,3808,1.300560474395752
BE367DC8AF41463CA9B26F5A66E1EDBB,3814,3.203000068664551
CBBA737259544BB6B23A73CCCC89C9EC,3815,1.891718506813049
58DD65121C374200A154C289BBF63F28,3816,3.032338857650757
E41D768DE826492299641D74D0561E69,3817,1.624126434326172
1C5CBBB511BA4A83A0323685B6060134,3818,1.188311219215393
BDBAD19C1D554FF89B98880AAEFFADE1,3819,1.4644814729690552
BF0E03586DA94B2BBAD10C152C0BCF26,3820,2.0705275535583496
48336A322C2247CBA0D3135FC778C18E,3822,2.1805579662323
5D3A4AAB248348429C55A20265D43827,3823,3.320590019226074
6CAEF717239142108107415DFEE0EBD5,3824,2.079256772994995
3DBFA90FC38D4A6F8701C3378F0197A1,3825,1.253630518913269
C2BC227785584B28A2C0402968CAA8D5,3830,1.6399383544921875
7B2040D68A1B4EE4B57DC26B085D18BC,3832,4.751970291137695
38EDB7F181B7485385165F8DA3C10BA3,3833,1.8015892505645752
64C5041807494478A37578E871AB2D33,3834,1.70980703830719
7865892A55664F90AB4129B808674C3E,3835,2.8988049030303955
738C47B8F8254C7B80D9362DD68F28BE,3836,3.0759754180908203
D837E86223B945B4BCD2231B1F45B46B,3837,2.730175256729126
2E80B6D3ABAF479386EBFD380A4D91A8,3839,1.798537254333496
CD9645282FB34D74A546BF1ECA088B65,3840,1.053972601890564
22FDF876E0614ADB874D9E1B3849F1DB,3841,4.560464859008789
834ECBEB7AFF41189796C74923E0ACD2,3842,2.0332610607147217
61DAAD6DCB9F4DAE81467FD77DA9BD5D,3843,3.5867269039154053
666A2ACFFAEC4ECDB200606943A9541E,3844,2.3014228343963623
AD226C2798EB4FCDAED8538D18EABFDF,3847,2.169625997543335
4C5ADFF2AA634A06940CA88E0E2A20A6,3848,1.2561286687850952
6AF45FDE2BF24C7B95EB1695F5093FE4,3849,3.262558698654175
8C50D48C53B84686AF33D632882CF835,3851,1.0494519472122192
03100B51E0A340A28BD082EC8DDFF55B,3852,2.331355571746826
D9918EF1B15847D78FE0DC0AE5F6F82D,3853,2.005714178085327
0B9B71C0901D47FBB1974026ED2F1BC6,3854,1.0116143226623535
F6A69F4382DE43568D403D4EA7B29D6E,3856,2.3255395889282227
E06BEE71A8B747FDA8C95E9BE38B12E0,3857,2.4826653003692627
3B522CD07C73445F8FBA3040C5B9554E,3858,3.12565279006958
06ED1FEBF57E493C80B40755183A5FCB,3861,2.492269277572632
5603DCB468FC4F1BBC6F2B4F99515839,3862,1.2580976486206057
1E70D3F0E0954332B526665F271E3BAB,3863,3.0433006286621094
8D8E1FD227734441804B364B890AF2D1,3864,2.4026646614074707
6D51588A2EC04D0895E2993244FD4D00,3865,2.6774230003356934
74CAA53579864D3898D49E79D17653F9,3866,1.6238086223602295
EFC945DEE7124AEBB5DA95ED35A3995A,3867,2.5416347980499268
3B8E13AA899A4546869DD1D138274905,3868,1.2204043865203855
A80E7F8729564439A23AFBA87F8A6B40,3869,3.037364959716797
DDF173F493F84AE09EAA9EBB07578542,3872,1.2324899435043335
7DC4E84653E444FAB9130D62BB3B9255,3878,2.873082399368286
7651AFDEC4D84E3B9EF919AB8DD5CFD1,3879,1.970149278640747
809954BC16D64EC3A8C3EC13641FBB55,3889,2.293379783630371
4D3C479FD6C2431C933E7BB3C0B2DDFB,3895,1.345163345336914
4C81EAACF45F43F4A1E2AE4B332C10D9,3902,2.294473648071289
996C4A7B6A094FC8B011AACB2E2DA505,3903,2.9324755668640137
6E8C69482D2F4383969186F6D7139B31,3938,1.178557276725769
2E85E72AD65E4833B0AA4DB58AA2D9BC,3941,1.575833082199097
785E5BACBCDA41879A9782865D0C9B93,3946,2.6118838787078857
1FD74281BB4C493197941F7A59EF21F7,3952,2.2977969646453857
25F71B7E7775470FB337FF448B9AC304,3954,1.5986154079437256
1C0A5F63DFD849ADB3C15383741B09E8,3956,1.3931169509887695
5E2B9F78CC234959823388FE0E7378F0,3957,1.759284496307373
97C1A638F5244A6BBE5607072B9BA1F1,3959,2.6719069480896
67398118ACF140429F4D0D8BBA7EFF7B,3960,1.8901609182357788
46F47A528A7D40EE9335E5DA0D74B7CF,3963,4.028195858001709
4A83FD8211ED465BA2EF3CD4305340D4,3965,3.28024959564209
C543A1313F974F03B538F3D38573C2CC,3969,1.2150944471359253
3419143C9E9C4AD49DA3356693A6670E,3971,2.7207140922546387
20256F004D8649048966FE9AA4A66BCB,3972,2.286127805709839
DA23927A44E04612B9C4D5F8CF461677,3975,1.226317048072815
2375A8B7037348EA9C2E0FE4A0DF2D13,3980,2.421386241912842
4ACBE97E1B1F40438FE941A3E07F69B4,3982,1.374287486076355
F3D7196BDE93420FA3A5270617987A3E,3983,1.311627984046936
D114B08DC6C847CFA1C3C15354741922,3984,3.3454885482788086
4C00C79AFBD9475CB9874331F930B885,3985,2.1112515926361084
8A403239C134401A9089337312DDD1B5,3988,2.5672569274902344
8C3737BAA63F48848DD24941744545E3,3992,2.619969129562378
,3993,1.477022647857666
4C1016F522E84008836FCFF44D7D0706,3994,3.1192221641540527
7B2040D68A1B4EE4B57DC26B085D18BC,3997,4.703650951385498
F6A69F4382DE43568D403D4EA7B29D6E,3999,2.3255395889282227
8D8E1FD227734441804B364B890AF2D1,4000,2.4026646614074707
85C92CDBAC71452684E2566DAB6C7342,4004,2.159722328186035
FCE7FEC6F3A240FAB198A2F8B14C9471,4010,2.5234334468841557
F7C776B246C14332B002000C9250BF34,4015,2.220524549484253
3F46F749D3B242108CCEAF0306F8818C,4016,1.2220803499221802
D10ED7A5134E48A38394F95BF1D357C2,4018,2.628637313842773
CC20D7176DE9481CA20F81231F791D91,4019,1.7595888376235962
FDB9ACF1380B42A5B8C9600D0F55FEF4,4020,1.4225541353225708
8F0DEA30918646299340E0018A729C96,4023,1.9288862943649288
F50FAEAD940A4CA1AC573C59E1E50F49,4024,3.5545217990875244
6ECCACD783A2446485845A4A4983127F,4026,2.754982709884644
1CD426F99943461F86235E1C02A87374,4028,1.1902992725372314
E6C13264857B4388AF46D7338F39DF9E,4029,2.129485607147217
8A220FB82DD042A0AAF5BC1293BFC183,4030,2.048297882080078
5F3F5377722D4A659F90310C795655A1,4031,3.529555559158325
07E40A371AA14EB390E50F889623E245,4034,1.5600355863571167
89EA36AFC195405AA51A158950DE4D3C,4039,1.6795610189437866
0B912B6B2279490E8F137A6EF759DE77,4040,3.221919298171997
9826239ED3974F9FAC6D48584FA3FE1F,4041,2.8337743282318115
FD2C9C40ED1A4E1EA13FCF66659B4F48,4042,1.8362611532211304
ED0140E0071A4ACBA4A821244ED622E8,4044,3.3053624629974365
6B83976C251646E69FF2297FAB13949E,4045,1.4876360893249512
193AE35FDA2D4121A9DB98E87E4CF9F8,4047,2.406283378601074
90B2F4E19B8D45978C25F3E108B5DC4A,4048,1.1223793029785156
A2248950951C4750A63FB980ECCD01D1,4052,3.3897645473480225
E37F9CB7A2D241588A408F3C42A682A1,4053,2.1001434326171875
335F74DDC5A84FD4B92ACC2A24E95889,4091,1.0615864992141724
99291685451D473C8B7785BC9445BE04,4096,1.0249552726745603
0F053A8AA2C645399D2C06CEED05C28F,4097,1.4623624086380005
02959600EFEE405789463BE83D574429,4107,1.6883070468902588
30C0D5A4022E4B2CA2608312FDCDF96B,4110,2.924556255340576
162516ED24D648ECBCCE91357F26DC77,4111,2.6304943561553955
5386BD6611B445DBAE4129F4B500E965,4112,1.6941417455673218
C26E207D61F94497895EF589F2E6CF26,4113,1.4360471963882446
5384CB299B464A7CB132B9B39E0AC593,4114,3.07471251487732
84822F784F5444C98B88BF68B50F0669,4115,1.6410207748413086
012B4E05E38645C787ADD8FC4C076D2F,4117,1.9695332050323489
FB46579E57DD4F8AA52E3B34324AFAC5,4120,1.4491229057312012
20101E1902A74BFC874586E28EBF8B36,4121,1.4113898277282717
729C342F3DDF402293046E840E42EC74,4122,1.1938300132751465
459AD67D0A9C49249D3051D4610AFB27,4125,1.1877392530441284
CF063F452C4F436C92FF633801E237F7,4128,2.922581195831299
E780E37A4AC24608955267AAD5BF97E5,4129,2.289245367050171
AD1F43BF72CF4D38914272937759B862,4132,2.615173816680908
D410080BD8494609905ABC8573CB1605,4133,1.9783424139022827
95521C51DB1B49D48CEE6A1AB5112D64,4137,1.4989352226257324
AAC3DA0C316D407D98C39E5558486CC3,4140,2.6415483951568604
66124DFF2AF642C5848ECF99EA8E6523,4146,2.318495035171509
9894F01935114F95B3C608B7D96889EF,4147,2.5323965549468994
98FB48ECFC1F4805A4D3243BC96E6AC0,4148,2.280132532119751
C0A13D37A9EA403BBDB87E60BAC4E541,4150,1.269858717918396
AB4D929E25A942249E8D34299746B1A6,4154,3.1447978019714355
CC9B0FE9F8684F99B41805CFAC374646,4155,1.3638863563537598
167FBA33745145AAB16ECD41B165801B,4156,2.351095676422119
18C1FBAD0F224FE4811C913044D9FADD,4160,2.63547945022583
00D4441D3E954C8F8B67314AA90BE59E,4165,2.098142623901367
A58E9C9853F24C708F64464C83EDF37C,4173,2.343637228012085
94538683C72D4361A75E91047302714A,4174,2.0958213806152344
89FCBA2A06174DF98695DCF9E944B996,4176,1.8922253847122192
6749FB43FAC048B08D39CEC7D76E94DB,4177,2.39270544052124
7E05571087B4415488795DB825C8ADEA,4179,2.519544839859009
844C1D6875F24C32B626F65B6308DC72,4184,1.1353470087051392
E5562AC4206B4E70911566DD4F8CFA02,4185,1.97021484375
15FFB9622C9D4ED2AF3CA459D3C4D71C,4187,3.142246723175049
09586B3E528844FB86D1996C218700ED,4189,2.1497550010681152
AE5BB3054A9A46FABF7249C579A08B44,4202,2.785212993621826
8BF0110E3C924FDCB8DFF224EC3F5ACC,4203,2.43042516708374
991C6F7511D74E5C8CB188FA977727B7,4204,3.8070828914642334
E33485B1AC794AD0ABCAC23160C5C129,4207,1.9666367769241333
5FF13810D33D479986EB784DEACE00DD,4208,1.0359898805618286
94F8CDD518D444A18C1F5FFAAFBBBAC1,4210,2.36088490486145
EDF58081EE464642866627361C4452E9,4211,2.4661731719970703
F96D0F711C6046299002C4717B8D9957,4214,2.264044523239136
F422A34462A24704B4C26D0849ED8D24,4222,1.609049677848816
EBD1C692ABD9490DB0E3C5E81AE86224,4226,1.802905797958374
7A335C41F7094ACCB109D7088BB721E2,4227,3.0070393085479736
84E62E14940541EF87A7248AE50DD0BA,4230,1.886183738708496
B7CF2610C1D74D7387E55F42F2646529,4234,1.1985563039779663
5A1913E5D6BD434896085BD0361B138B,4246,2.8468356132507324
370A00146F97478EA66229994BB167B6,4249,1.6883742809295654
13D788E1989A4518888E3AF773AABC22,4250,2.4849274158477783
1C7A45DD73AB4C68A0A1539646468998,4251,1.096326231956482
35B6430AB7B44F99BE5EBE43C097ED5F,4253,1.208502173423767
755DFFC11EE74976929C37FF43133426,4254,1.5682295560836792
63181CAF8A744A448745A767B80D3840,4256,2.890389204025269
226D6E2E8C894751B79F1450A30EDDCD,4257,2.45496129989624
6B40D8D53B374750B69B22FD7D0FCD0D,4258,2.055914163589477
C247700CAD9B4EEAADE78DFFAFBED2DC,4261,2.2814624309539795
D983EB445F5742A0B246633CCDC4DAA7,4263,1.0228157043457031
005AEEC96BCB4B3F8D6CC2DD490164DA,4265,3.535649538040161
7035192CEE9C4B99A7A5E55554C28ED9,4266,1.284551739692688
C6F0193D2645455BB063D75A5A9F4B4C,4267,2.5523462295532227
53A28AF8E3E34545972CD5F1A0381FE0,4272,1.9665369987487795
FF700D71C0694356828F0D070BA66C77,4273,1.0269917249679563
0E76351E343F42A4BB3ACF9BE0A29F79,4279,2.115605592727661
D8AE261B39BD41C6A44533B824C239E9,4282,1.0152556896209717
BB86F8CE470F44EB9DC81FFACC188280,4283,2.1277544498443604
7C2E1A867E9D432F8E08E8E427A89159,4287,2.236399412155152
3F9A3A67E2354DAABDAF8E0F00C2E40D,4293,1.06792950630188
FF854281668C48FAA54A34EB2E297580,4295,2.644828081130981
68E3184B541A4219A778CD77D44E48A8,4298,1.990223407745361
9066F851112143929A079A384A50DF56,4302,2.2136025428771973
19DE63A6FD81499294EA3E29FC0F55C9,4305,2.885374069213867
410CD48A804B4C73A574D930D45E1698,4311,2.688361644744873
81BD351D3EAA4FCE9B1ECEC1A0DF393F,4315,2.7291767597198486
D605AC77207F4255815B1F5F3B3863D2,4317,1.6388018131256104
6FCD3AB04D754408A6F59C28BEFC1A20,4322,2.6015703678131104
C19E87D09F14496EBA1DF7F00432D145,4323,2.154985189437866
3A4E69619C884EE1A5C94F3890C6BAFE,4324,2.4315667152404785
B241B59E7E334D4B9B2F103C8DABF515,4325,1.7877182960510254
11D6469D8E474BA18717C93CEFF3AB25,4329,2.301037073135376
D0F5235FFDD046168CC3A8B15902E5F6,4376,2.397937536239624
C3936F736027453BAE9216E4A70AB4D8,4380,1.845080852508545
F01D18BB0349400C96B39219E576E0C7,4385,1.1744418144226074
38FFA90A2CDE4349BED7D0EE43465952,4392,2.169837951660156
88170BEA74A843E5803011EC79270C8C,4393,2.767504930496216
D6EA093AF1244C7AB4CAE954A632C0BC,4395,2.5000579357147217
19E20347FB2642AFBEC821F25D86B41C,4398,3.0900864601135254
5AE7DDD064994297ABA0A90F589A8B69,4399,2.4920270442962646
0163260E3DF74A1E8CA46ADD5D792370,4400,2.449167966842652
E206140FE49644D58BB3CCB8BB831287,4415,2.7012827396392822
009FBF921182482EB3B2C7C66D5DF395,4418,2.63139009475708
71C8017B80184BCDB107ED06E309F395,4419,1.624060034751892
C52B0D3555734D5696B0983A0ED9A80D,4427,1.971752882003784
71850D884B1A4173B91DB286464BC568,4428,2.479798555374145
22333823D53D4304A341D1FECF27A611,4429,1.7061432600021362
CC9A224EC8EB4B3DA3F5A764A8D51E4A,4430,1.9259151220321653
87892FE4AFB94BE49E3FB5095F4111CC,4431,3.552967071533203
79BCFCAC0A3B45129FA82B42B3C7EC01,4432,2.2048661708831787
E2B18FF9668D4D87A34FE08376526A54,4435,2.139457941055298
D7FC572655C4400C8ACD712F3CCCE48C,4437,2.4123518466949463
DEEB26CD603F4C378119B430798EA410,4439,1.219663381576538
CC95632867914DA9829D5810CB32790E,4449,1.9707123041152956
3B8488407EB0403686FDCAFEAABB5AFA,4450,2.397513628005981
82ACF0E6EAF54359A0829C5958420F69,4452,2.919240474700928
9CA1245D8599495F8D98099A5CD7BE14,4453,1.5770503282546997
1F5DDBF00F4D432EB58F3ADD132ECCD1,4456,1.810549020767212
3A7E4FCB31ED4CDDBA374FAFF507A59F,4458,1.1814526319503784
3B074D466923481B84ADDA21F116C130,4460,3.1326942443847656
82500BB854904132BB951C6F043C9A6E,4461,1.0563623905181885
64AFE2AEA62647EB99A8E9BBB620C424,4462,2.514246225357056
83C6B21278B64772A770E3ADCD0D0955,4465,2.551020383834839
5CBB88E8156C4115B1A58DFAF1D60487,4468,3.145130157470703
9339D20316AA41D1A843B979A383A25C,4472,1.856801986694336
7017C0DBE6A34995AAC936DA0F9FE764,4473,1.4646692276000977
C4A1FE43B9824145A989A73CF5115FC9,4474,1.0675767660140991
A9D191CCFE27473080F6C9B2F48C4564,4475,1.4126951694488523
E959AA3ACC3E4E28B7CF3E2B5AEA8683,4483,1.058170199394226
21EBD0BDC95146B39321211CC7438FEF,4491,2.2997074127197266
D1574A2790D44655BDE8A54C87518AD5,4494,1.930250644683838
4B5759A1BC32459BA64A7C00E871345D,4495,1.7358980178833008
29A8AE4971A3430EBE2593FB3C15A88E,4497,1.9701653718948364
236A19F2C052429284DE187B2B9AAD51,4502,2.584826707839966
4EBBD324A9D94BFE88B85B50F8F73234,4503,2.167646169662476
91636D2541D24A5D938F047E06CC0661,4507,2.071995973587036
4BCEE3A47B46451685AA06CF071AF4BF,4508,3.0831527709960938
C46A940C29C7419F8CE1826514912638,4510,1.810206651687622
B0AA6C5A0CFC4ECD96E2F7DD3A14492F,4513,1.4648900032043457
A71079D0714843898C15BC1546765543,4519,1.2016280889511108
FB28CA496D3F447E927A834AB1E016C2,4520,1.970694899559021
307C54B2B32449DEB4446B7DC93AD250,4523,2.244903564453125
FD4DAF5629AC4CE793EB01B21BBAC097,4525,1.9633724689483645
6268652116C241B98B2F1597FB06299E,4531,1.5193058252334597
25FF8876F4AE4F67971A4AB403102888,4533,1.5959951877593994
849308D4784E44EC9A2A6D7562C0B570,4534,2.169857978820801
72BB3A064C654EB3B5691574FD8A840B,4537,2.8160202503204346
2C531FA5AAD14D749285CF577C94D337,4538,2.5750303268432617
62495B10480D4C1289D61FF9AEF93266,4540,3.0193166732788086
009F38086BAA4F6B9AE1E3AB3CE30ED2,4542,3.5427067279815674
41A5878AE0604434AA9D841487F56A63,4560,1.8748338222503664
5D0DC6F0968149F389D2EE9CB5898AE3,4561,2.18587064743042
3C3B6DD050014AEAA45B689F9DCCEEE1,4564,2.004258871078491
E50080F003A042899D688E56E9CF48D3,4565,1.6114567518234253
B5FE6BC0A3D3462882D0389AC0C2EA3C,4566,4.542078495025635
44868EDA2C3A4FBCB7C1774219F60587,4572,2.04406476020813
970A28FAD515401B81A4E4721630F35B,4573,2.022791624069214
E5B01EFFEB7C4D6B8BDAEB233D907284,4578,2.370868444442749
5BBD9B3BEB024CEBB60F1462372694F0,4579,2.6587584018707275
97725CCC05DC4F978825D45FB3EB168C,4588,1.7337006330490112
AAC05B3E67784EFA8C48E2A76FA4186F,4589,2.2671172618865967
F472A4D8D3F34308ACE816AE17833397,4592,3.2829294204711914
6509F7FB814B4D9D84D973E466AD468F,4596,1.34091317653656
CAAC4629FDC04D82A4FB0910EEEA0BA9,4597,2.8260691165924072
3476A5965BE94557AF2DD9C4A2F0F2C8,4598,2.419708251953125
BD174EF93A2949EDA9457121B3731AD1,4601,2.685110569000244
3BB22B06B94D42CCA7DE471E117213DF,4602,1.4084055423736572
2180F85E6DB849729B029CEEA71DAD35,4603,1.2904599905014038
8480668DC1BD42609CCD531D3B7D8E99,4604,3.2714710235595703
53C96BDAFEEA420CAA2BE41E4E30ADB0,4605,1.8088061809539795
2096241C7A2D4807B7A396CCA07FB150,4606,1.2810842990875244
FE7F052830F1469282FEBBA649528EC6,4607,2.2304182052612305
14D73F2E96AE4462A4181C20769D2572,4608,2.5859971046447754
A06417AC3EFC422EB4D00E4A35EAAF60,4611,2.7755203247070312
F2DF59E388C04797A099ED318547851D,4612,2.41553258895874
6C70010B0CF84F93909BCB968043EB8A,4613,2.673395156860352
D04F6CB04CD04617BC6683C605093ECB,4615,2.746893405914306
12BC7214F88949EFA19DBB88F2A02B48,4620,2.862345933914185
C2241071E55048C0A2885C6906F1EAE9,4621,2.5238828659057617
67BF8445DB4F4A898EB3F79CD29E0AC6,4622,1.1285415887832642
D15EA9A324CD48549432B58B4A7A169F,4627,3.0909264087677
9C02DE3DD6514653A4C88AB19B560F9E,4628,3.1267147064208984
F72AAEAA755041F6AA79ECE84CD76F41,4630,1.503131628036499
0FFF605CA20B4D499C4E3532C77C4EDE,4631,1.7050553560256958
C0B051948FA94146BF32799072E7BD9B,4632,2.0300869941711426
4924E9E1035648358D03D256E674440F,4637,2.502321243286133
51E9CD2B6C734AA4B603D46AEB52A66B,4638,1.9678196907043457
8E0FB9BCC85B456AB7F015710C953037,4639,1.858374118804932
C0150ABC1E9F4D3A90CD2AA3C234AFFE,4640,2.3370373249053955
204E76EF282D4BDA87F0388395C59C46,4641,1.7062195539474487
BA41EA00BBD6453CBA848813672127BB,4646,1.9297081232070925
CF7D60F1D92B43D683B7D44F3616BEEF,4647,2.465201139450073
C54A73205F3548488D05DAB0B9C56FBD,4650,2.639709234237671
3D0B59CD9E944D2AAC8A320ECD3E0112,4651,1.0281871557235718
567066B43E3842FB9D8F515A715EDC01,4652,1.2332301139831543
0B245DC5CA8B4EE3925A0F9C78BCBFFE,4653,1.425315499305725
FCC9089129714E70807D4D189BAA2C83,4655,2.459986448287964
48304AFB791A44B293E0D4793DB3DD45,4660,1.3880397081375122
A33837B912794261BAB62E9EA7650413,4662,1.9639487266540527
FD0D948A9D77492682BDC2815EFB0B30,4668,2.952037811279297
C21A746E282F4663BF42E63200E12237,4670,2.5285933017730717
56739688194448FABF26CDD2F3764921,4675,2.742269992828369
9831E53929D84F93AD1C9FBE3A479132,4677,2.0044193267822266
51EBA4B17E9943B583F5F302959A5AD2,4679,2.3429386615753174
8D989182F8C1423DA04DBD19A8AFE3C0,4681,3.056846857070923
0182F2ECC053441689E86EA2EA3571A6,4682,2.194979667663574
21D00E9AFA904F4B9FF61E9A2663A4FB,4683,2.507925748825073
C1800F5E2DA544ECB7084389ED09F724,4684,2.0194344520568848
F5C17AD8F41C4E38B49E7E09FD0DD680,4685,2.4833483695983887
37B039839CC948E3BFE246FDDE2370D3,4686,2.870579719543457
EB6AF6F1E4B3411C8757E926F4182872,4709,1.6943070888519287
109683F3D7E1447DA176A5857EE46F6B,4712,2.8043222427368164
5C073E2E1A724D02B3B771E781D06DE6,4717,2.3351805210113525
1C97D54A57454F17B83E32D6C199B989,4723,1.4493101835250854
90D4858624334E639CE8DCF0300FB5B8,4745,1.9662367105484009
9C4CC41B60D54EF691E997B73110BFAE,4754,1.1403393745422363
45AFFE42C18341BFA2846DA5F45873B1,4764,1.2434431314468384
04DD3F7F8D9B44C8901EE90862C8861F,4765,2.034682273864746
A94B774DCD734A6CA664B76A613E56EB,4790,2.792306900024414
2AA054204E4F411BA55681E6FC4AEA1F,4797,1.0809780359268188
F4D183CA78834CF68BAB49956F456112,4799,2.6346476078033447
F3E4684820F64349AED1D335DD0681BD,4807,1.9397627115249636
5838B4C4AD424134ACB79FDE415B7416,4813,1.186931610107422
49A5FF05887947508ADBDC5F84F3C0B5,4814,1.5693538188934326
3300E90A122346008A040AA70067CC5A,4817,1.79460346698761
C07737DFA13041FF98583C991614D3DB,4822,2.019305467605591
1C956D7A6CD141FE9E4FA7F45F87C033,4823,3.2570700645446777
BD6BD8C52634468A86549F64702FC12D,4825,1.9281489849090576
9B2A9D01812D424296F0BE2F44BCFBB2,4830,1.1145912408828735
83162E057A614640B9810936AC4EFA2E,4831,1.7065398693084717
AFCDA6201B4349659B3DC86827A680AE,4832,2.8574230670928955
8D38DEE2DEAC451689CEA1E5EA6A3047,4833,2.277198076248169
2E3A1785F7474A60A7F8D7BAF536E3B3,4835,1.1784511804580688
D6096ADB14F042928364519E4EB8929C,4836,2.886820077896118
CECAB779EBF24DA6B780B41039B17CC5,4838,1.365564465522766
098A49CCBBC04D168499B8646C6FEB35,4839,2.3341856002807617
48AC39E66A3844B8B0F511B2A7A4E04B,4840,1.0535813570022583
7518DB6070244EA2884B64D614BAA1E6,4841,1.0910202264785769
0E951AEAFD514FFB867CEA6B9716E6EF,4845,3.431147575378418
EB270B00C99342D0835811543D6D4A1A,4846,2.2817156314849854
059CEB4EAE264C6DABF4B13209B16CD2,4847,2.6643567085266118
D4119DA44FD640F09AC6889DB78F9CCE,4851,2.3941760063171387
3B8CD7E6A73442A4AF9E166C40BFDCBC,4854,2.4700634479522705
1D3C73417F4A4967945759AC135E9F91,4857,2.2691028118133545
11045EA5FE23442FA24E05DDE3B16EAB,4860,1.0769160985946655
35244B8BBC4447BBA8FCCC6D72D8C277,4861,1.806529521942139
60B613ABB0C74158834A2CDB3C5ADBD6,4862,1.583490252494812
6801037B12EA4A1DA051A66D824BC988,4864,2.589929580688477
CEF983DB1EC143EA9AF03F616A805184,4865,2.098708152770996
6F861582C0F5426081ADB8B31C3C0C63,4866,2.712806701660156
B58A0ACAAB484CD09243987DA9644DC5,4868,2.5930275917053223
52958D6E9B9D4195AEE7F4C0F585C35E,4869,1.2235699892044067
DF8D87B19E1C4505AB5A95F6F2659DC4,4870,2.4307456016540527
5DEC846F665044568AB5E910160C4100,4871,3.3112618923187256
5AC65B5622094D25B1073F6941DA0BA0,4872,3.04219388961792
A699871E34624BD283B1875A456DF080,4873,2.812386989593506
9D46A92960C2458AA204831F4E8DA546,4874,2.4539034366607666
475241C33F7346D4B226B27E6A98729F,4875,2.2118725776672363
AE1D8122DFE94EBC912246B4E4112046,4879,1.1077111959457395
534E6BD95EEE4F348EA4FDE5A235D2B7,4886,1.004056453704834
C617ECC6E48D4D029DC30DF9F3D3E959,4904,2.3728716373443604
286EDCAD7B2D46C68AC013DBA2DC7796,4907,1.7245278358459473
7378E75D71394AE8B91F1EBD2E13861F,4908,1.0713330507278442
BA8CCC6DED774D69A3B8D347E669DB4A,4909,3.6909220218658447
286D9DE9444E46F781A7D2623E219C3B,4910,2.6883015632629395
552D8E85DE8D47AEA694C39CC7B02049,4911,1.3263946771621704
22BD6AE327DA4FEB8EB9EDB98468BC0C,4913,2.3156967163085938
64A74D73AD0C49E9B2AE0E7736AB3B2C,4914,1.9692591428756716
01C3EEA4DCC74108B596351074CD343C,4915,2.608823537826538
DDA8458B341C41E8A377D4929F31EF87,4917,2.9406168460845947
61A13B482CA74777A9B903EA74B0E610,4918,1.2330247163772583
F8D52DE7E5634302BB8D6890E6DDBA3F,4919,1.6941546201705933
3098D9AAF3544E849390DA0FB054F55B,4920,2.173083543777466
340D67B548C147899AF8DB5936B36BAC,4921,1.6937698125839231
3B7C154E57534AB58525C230625B86E9,4922,2.4307422637939453
3AB6F7A6A15445CAA9020DBBD1F4E14D,4924,2.198718547821045
3FB5109B49754D9D996A1DADE4CC1DAD,4926,2.9218873977661133
8045543092A0404BBE680801D829C4A6,4927,1.905872702598572
45CDF33E262043DA9F2DEF3A8C7253A9,4930,1.2844139337539673
5CFF46D109FB4D2A9A15C879C8FCB16E,4931,2.2588202953338623
9F5BE0B6F53248A6AC5F5000ECB8BA5C,4933,1.6517865657806396
B818BDFD691B412F9817D4E71EFA697C,4934,1.6711407899856567
2E1D1258402D4913914E237B9735BA7F,4935,1.891265630722046
3B5F030A35674195B8F8A8A2C1E644A0,4936,2.3753395080566406
6D30C77AD5544B39B2F7855A4987B48D,4937,1.1283352375030518
4E2FDCC4E3D54CD7A0FE09FA8537D9BF,4939,2.1401288509368896
F95CB19F5477411AB2B6634A2E622DEB,4940,1.6148961782455444
5C328FDCD5524B8897371EBC6E800B43,4942,1.4278628826141355
D4F16E2C121740D5A9EAA2A101B7474D,4943,1.5765763521194458
0853373A4C2645C192214D0CAF00B7D7,4946,1.364920735359192
39882E066962446C8C70AB02C7735953,4947,1.3911373615264893
503F4FE4D5494640B46F3A91230C07CE,4949,2.05293345451355
4B521C09D5F44F2C9C02A05055E88874,4950,1.3923362493515017
38F0713B7CAE47A8A99183E63455B086,4953,3.0161848068237305
0CDE4FE3DEAB4D95AB77BA3952248293,4955,1.7838661670684814
149A52792BED44CBB0251676B7D236F7,4956,1.6394442319869995
0208C5606A07456C9385EF2096200189,4957,1.39305579662323
4D2A011246E24A478CBD4B3E79F512E4,4958,2.246276378631592
654617A0544B406E9CEF87AA74EE77A6,4959,2.7512764930725098
7067CDA062EF450BA5C3B48823CDB72B,4964,1.928349018096924
E4400F1D56A447E6805958D33387FE19,4965,1.6716238260269165
BC0D763827034586962DEBBCBC922BB0,4966,2.5947272777557373
454EAC793A894DF0866E102219C00381,4967,4.467488765716553
410BFE361E18440788A57B566C8CD495,4968,1.6151732206344604
771273692A67432992DE68E428D065BE,4971,3.329796075820923
121D2A7C965B4E7B911C73BF98EF9A43,4972,1.067941665649414
2760BF1F70B0435BB565C27AE75A5007,4976,1.7870314121246338
6A09E09E7A5F4787AE88FB336C75CA22,4977,3.236769676208496
BDAC96DA199046C9B8D0103D232FBDE1,4978,1.6166397333145142
FDBE692821F143698F2CF83E607049E1,4979,2.234022855758667
BCD8190ED3F64A189317DE89E76175C6,4981,1.6172115802764893
D01B74700B274A0E8676585898E7F68A,4983,2.288191556930542
9A7B751B43D04021814BB7A90D439E6C,4984,2.2737300395965576
A1EF3048839945A2ACEA52F132065CC1,4985,3.256603956222534
E89DC7CA6504422191C05269DDA4790F,4989,1.1207444667816162
F9E471CDAF504D37B97A807A75833603,4991,1.4987151622772217
1012B88E83014C03AFFBCBC7C7D16A59,4992,1.680260419845581
B27C93FD715247A898B95DE597A9DE3C,4993,2.0426363945007324
776ADF09D32640449A1785E66743410F,4994,1.170313835144043
8B8C440A7CDB43EC8114908774015140,4995,1.6588695049285889
F73DE399988643489C9065ABF9613276,4998,1.9332804679870603
CEEA5CEF27EB45FC811DA56244193E28,5000,1.4613059759140017
9EA7C85A90FF4B04A88245671B43E353,5002,1.4003463983535769
D795E04D0C624D87858066E662CCC4A4,5003,1.3418211936950684
7639F04D92B74827BC5293BD92952A9C,5004,2.290881395339966
70CAA027E6AA4657948184B4F908F4DE,5005,2.348482131958008
3FCCF0A57A29416DAF75B1C0606DB423,5008,1.800822138786316
E423793BA33740CAB8CB1E2977873742,5009,2.726240396499634
29F9283148F443B2BCC4D64A9C9693C0,5017,1.0024501085281372
990192B92AA2476D939433A486FF6740,5018,2.2604165077209477
49EF8F47772044EFADF810E150A6535A,5019,3.202654361724853
0AA37D5D01BA4B76A3FF64C0B1F49B70,5022,1.5363316535949707
FD19CDCD554F4AFE8E1787FDCDA84A49,5023,2.0821361541748047
2D9111ABEE60470DB4634FC73BBFCEE4,5024,1.159162163734436
A929C898393F4D349BD534CACBCAED47,5028,1.2700587511062622
470AA9BFCD874AAF9FC46EA8471AF241,5029,2.194230318069458
0AF3E3CC85D14A76BB40B747590A18CE,5030,2.558448076248169
11CD5EC4C46E4A3CB2DB91F7F0105A0A,5031,2.762319326400757
938527858B364F458E8574E4F2B2DC9F,5033,2.037250518798828
5B92EE67EC2544C59D4A01CDB3379C3E,5034,2.3761303424835205
D3C47E40F81B4230A2E771EC4C15B001,5035,1.6801810264587402
429EB310907845B3B33011556770C287,5037,2.7400355339050293
2F16F79F8E3B43A1A7A0833B1AE9724E,5038,1.2150825262069702
9B33E5D7F729415E9E3E44AED0698E70,5039,3.472251892089844
4A33C8ED20524EDAB12D9E6D4512A95E,5040,3.214353561401367
65A4C986F12C46E49AC13DFE192E5A5C,5041,2.7649176120758057
7E697D77A21C4D83BDB1F04BB5E52CE0,5043,1.881263732910156
1178C8EFC7204BC6899895C71EA5905A,5044,2.26160740852356
9FACA33E1CA34ADEB1AB3319776B1BE3,5046,1.2150589227676392
DD57C09887D742EF972D7A1188224826,5047,2.331880807876587
75ACA6EF88884863B7D3EA2AB6B01375,5048,2.159425735473633
B5390E67D0014E268733B7E1F49D8244,5050,1.658232569694519
BDDF56645B974630B1B55C20EF5C9D29,5052,2.817295789718628
910D1775572B48E4B3886EB5D4B82C26,5053,1.4647496938705444
D875A27F92AD4F7DB26E5CC0E4391095,5056,1.9714975357055664
D4D20AEC949043A4AE0A59D7BC75F35D,5057,1.1883102655410769
385934DCE1CE4E96891EDE6F2046C123,5058,2.893512964248657
14F6E1C5489244FCA53EEA52723D184B,5059,1.007859706878662
0F529642757B4606A66218234DB33233,5065,2.1923694610595703
ECE69676A94A4472930E983271324DE8,5066,2.7013614177703857
F195FB9A6E66495FBF1789FA639871B7,5067,2.4021482467651367
98D7F86E7D03430D8B240B0A43ED7517,5069,2.50359845161438
D46BE7DA10364C449462CA62B622BC12,5070,1.0930156707763672
7A4DF47EC5B94EA8B87E161BDBCD63E5,5071,2.343701839447021
E5BA0D6A7AD641ECB4F32C9243B95B8D,5072,1.14024555683136
1EB3FDEA86BF4FADB47DCD61CC51EBD2,5073,2.5743234157562256
357805C9BEFC4676B8297A728BED3401,5075,2.214526891708374
94F9CDBD19AB4C17B1708F90734737F5,5076,1.8914037942886357
5F857C4BA1EF49DBAA2888875A01B2D8,5078,2.297746419906616
BF9598EFA22B45F6A369CF7EC7CC9917,5079,2.3265509605407715
324D094BE0FD46C395C631D197F3EE52,5081,1.8914729356765747
1099916840D840E993FFCD9246A1FD69,5083,2.0395162105560303
DDBBFEC7BFE14872AD05015F5E2628A8,5084,2.9197590351104736
F973A29F9F55487C9031FAD5DB7980F8,5085,1.2202879190444946
26963DE0661645E9A3B401F9028C6167,5086,2.1132819652557373
EA8381D416CA4A54A76DE392FEA07B5B,5088,2.1831483840942383
02005180DD3F429DB8D8609BD1BAA324,5089,2.3982536792755127
8BB284D0230149309B28A5A156F2929E,5090,2.154311418533325
0D0C71AD14554F87A50A412A134BEE20,5091,1.5957860946655271
F4B8D688DDC74840AF7D252BFC0F1CA5,5092,1.2969897985458374
75245C8C847A4403A92984DC5EDA7D74,5093,2.1312143802642822
575070D4EFA046F9BC19051ECABE1F75,5094,1.2092889547348022
101BC14468D9424BB044FE88C13CF6A9,5098,2.6008543968200684
94F9978CC10941748792AD87525AB043,5101,3.553041458129883
6EE52562390F4564BA965E2054A24FD5,5102,1.7577284574508667
C4CC1A11EFF24F8B99E5D444DC1C547B,5103,1.613769292831421
E67EB3C72B2A4AF78C78DCBD110CD609,5104,2.146590232849121
2588AB0BB0B94E3099C70393ED15FA82,5105,2.497731685638428
A5D5C5D303C046158F22ABA506F32C37,5107,1.843860387802124
6AF1A91E12DC4A4C83648DFF72280AB4,5109,1.5585448741912842
97C33B3B66C544AE830AA34516E410F3,5110,2.4801013469696045
D7BCC7E32DB745F6BD30AA733F208E3F,5111,2.837592601776123
F95146BAF27D488BB7E5067AF3819BC5,5112,2.1555309295654297
67E7D55F665A49D38C82E49C72B7077B,5115,2.395606279373169
D6BE20A4C7304788A423C15148228856,5116,1.408599853515625
FB75FA2239D64E6880DD34C1FBAE1708,5117,2.5826079845428467
957B4C4631E84C4CB58C09ECB9AEB119,5118,3.1147282123565674
0EE9C57921A1405EBF309B4A0F5784F9,5119,1.135164499282837
FCC8D9FC3CAD44BC9AA129B5A96241D4,5120,1.5708431005477903
6D28F7F1FCE045C0AB5899062D83A846,5121,1.3925868272781372
2284CFD9254A4037B906C5838D380E51,5123,1.392683029174805
3D338FE747B2435A836A60675BFAB5AB,5124,2.5436036586761475
2037AED74826402D8038FC6D2BAD1198,5125,1.3269926309585571
ECB0463EFD804278A8AE4CEE3D360CBC,5126,2.000786066055298
A47B50162D1148BF9E383D9BB5DC4364,5129,2.089655637741089
6BC26EF615BE4597B655FD7D9C523115,5130,3.171284914016724
44C741E5295449BCA699E142EE403E09,5131,2.8264379501342773
5E88B8FF9E1F419794449AE09FD26074,5132,2.221680164337158
327FEB111FA84F148BCF4D5B276BD79B,5134,2.061904191970825
9E8FBAEC0266420B83C3C0701936DD74,5135,1.891871213912964
4AFF2DE54634410BAA59EAA6A44A077E,5136,2.1453564167022705
7D0E8987D20746DE897948ECF7D9F2DF,5137,2.13204026222229
7A3E53A648D04F6182A94EE11FB32D52,5138,2.795426368713379
F275751D6E3646F7BAD36D7BE6A2216C,5139,1.232711911201477
EE57C02184CF4ED3B7C0723E162921D2,5140,1.408153772354126
CA8A63ECF4FE480C8B8C9C10B9F402BD,5142,3.235431909561157
86536369F74142B0A1665EC8D8EE4133,5143,1.6796059608459473
D644051CDD274BE0B769A0C67C3D6263,5144,3.132051467895508
20576B9BE59F4027AA731D2229D46A86,5145,3.017511367797852
8D1AF2C0B2D14AB2A6650026BD38E3E1,5146,2.680328845977783
BEBB8F15D6BE4B3DA89DD5E632CE085D,5150,1.3168658018112185
29760B4C132843E3BF741451B41188DB,5151,1.1403138637542725
67DFEF38AADC428DB14F3880ACE06AE4,5152,2.4351868629455566
289066F6AC8D4CD78456020CE9053000,5153,2.3133978843688965
84220A3AB7074ABD9ECB0665696F6B6D,5155,2.318880796432495
F3FBDF0460E748A7B3E74CD5E7AEAA2F,5156,1.3175842761993408
75F6BF20A01A4119B31FF392926F51D8,5157,1.7976959943771362
D82598F1795943DEB83F3A2003690502,5160,2.888168811798096
A112A84CF4F542B4A72355C5320D5BF7,5161,1.47304368019104
83F54A899B7B4F80BC673338351C070E,5162,1.48883318901062
E5C6A6CB79474CDD810EE16B25D039FF,5163,3.332301616668701
82BE3A4AEF5841D98102BFC1CA702F73,5164,1.1814796924591064
EF80EA5B29C34BEE965136E07B65033A,5165,1.5954087972640991
ED5A5E891CD644CFB90768EE00D19ACF,5166,1.2846925258636477
AA4F26C29E694FFAA7D940A3EE39A8B0,5167,3.1300320625305176
A0352140A54941EA9C182E7D0A26BBFA,5168,1.8513919115066528
E6E647E5CE404489999DEC4F68C571BD,5170,3.5857937335968018
BE193DB52AE04E0EB0813A7F2F5856C3,5171,2.32980751991272
D7D05169A740446D840874A0CC99131A,5172,2.1232500076293945
A8BA20F69768420881D806F568442F54,5174,1.04254150390625
469AB914831142C3BA902D74E1156026,5176,1.1043847799301147
DDA88A6D4D9F4E67B0F5E8F84E6C058A,5177,1.3638355731964111
DF1EDE16E34445359B1AF9ECEA243241,5178,2.959965229034424
1A51D8E2CE7049BDBE28693DAABBABF3,5180,1.357591152191162
3F3F38D7A96F418688589E4E8234AE54,5181,3.086087226867676
E578EB1DC0DB4590A8F87AAB21240330,5182,2.4849469661712646
C9AC636C7DF445039BE84DDD2560E7D7,5183,1.1080433130264282
CE343675126A4D768D47D8A17D6B7198,5184,1.6388887166976929
415920631C804F14A78E5693F206DB05,5185,4.423759937286377
CEF90A9750A14975A1635F511125E26C,5188,2.0339395999908447
86AC43B97E41405EA76294740819988C,5189,1.2332472801208496
7EE8BD074D08465092037F61167610B1,5190,1.2313416004180908
E0C738F22DFD4123B5CBA845211CC366,5192,2.498011827468872
C56D462D22D544AE83944DF46F455E51,5194,2.2216358184814453
302B54DD01474F02A809FAA6D13B7FD6,5195,1.358798265457153
86D9E5D7E44941BFBF9F5DFBCCDFE621,5196,1.5830199718475342
3B35B1EDCBCA4C48BAE27B36DFF4895D,5197,2.2592923641204834
78CFD14BC60E4CD89845ED7BFCCD1A3A,5200,2.093615293502808
7CE8249F0BFF435AAD889F36C69249A3,5202,3.75238561630249
D07EF52D41F747F0A7A3D65499269351,5204,2.7761590480804443
1BB361ECB74B42C78AC11D59A282BC18,5205,1.5321069955825806
BB14F01A68C84342A30774BE7CACC194,5207,4.077930927276611
89FC5F1EB68E46EBB28E48F6097DADFB,5208,2.409383535385132
55356FA0457D43A6984429D14D45DFDE,5210,1.6657298803329468
78B3FFF6DFD04735A8A31C935AC0E8DC,5212,1.0211385488510132
E221924AFFA44D3C954FBCC53940D16F,5213,2.528390407562256
CF2F4ECB472D4A8FB3F2B87E2FD4EBED,5214,2.6497769355773926
2D2158AFE9164BBEB1BCC567DF16EE43,5215,3.37019157409668
DA2BEA14C51E47A9A6B2DEB134324451,5216,1.2579387426376345
C7988C84903D405BBBE4666A58D8D905,5218,1.408184051513672
B4472D7A006340DAB0479E9A94377B22,5219,2.020094394683838
82841C33B7524617AA84350322BEB7C4,5220,2.314604997634888
C029CBBE13AA4D538C32C76414738045,5221,2.6093943119049072
7234B1BCFE424ED7BF21B3736F2C7C1C,5222,1.0457504987716677
5628228E9A0B46648B985C76A36E20B3,5225,1.9734270572662356
11D6AF61B25E41388C456EB41EB024BE,5226,1.4442914724349976
D63B124998744FA3954B4A00914B14B7,5227,1.500548005104065
1180D15B52964519B0D59955E9AC5824,5229,2.568075180053711
4525D99955E24C78ABCF0FF53552A248,5230,3.2959322929382324
72B24CAB3612402FA1CE04E6DA551807,5231,2.184483289718628
A645095AB4DC40E49679CAB82501C8D5,5232,1.4132130146026611
F6789F620E9F41849A135518A39EE5D2,5235,1.0930677652359009
1CCD98D1E9D84CD881101623E08497F1,5237,3.7504665851593018
648738E6540E427AA3AB6306F0714C5B,5240,2.7404041290283203
86B55BC8EA864172B417A87979C810FE,5241,2.120448112487793
3FC39F1C3E124D2595F9FACB30BD45F7,5242,1.9694870710372925
6D53A8DE8A58412BB41DC41224CE6C1B,5243,1.7357276678085327
4068D798CA4F443EBDA0836A346C7FAA,5245,1.6956589221954346
5123A97E6C6445ECA08C12E7105F3D8D,5246,2.73629093170166
F974179A9AAA418D829A7D31D00E6E67,5247,2.251631736755371
2A38B41FB5C246239772EDB4E69C614A,5248,2.368293046951294
157476E370EE40AAAD63388D50DA4B3A,5249,2.0403263568878174
C4680CA604AB4B0BB9792EF2568E5455,5250,2.777366876602173
462EB37F949045FCA9528F02AFFDA2EC,5252,2.400307893753052
A203BB9435704A2D8AD4D1C4D8C3AD1C,5253,2.450236320495605
7621E550B2C543E193C57E9693D11181,5255,2.385725975036621
1A6C31F0B66C4D089E4C03C024F7F6D6,5256,1.3168760538101196
508328B24EFB4DEBAA4AF1D0EDA479C6,5258,1.659018874168396
03CA77327B5C48A78F80A6534C992D36,5259,3.002537250518799
D0BEDECCC6FB485C908A92D60B8AECE2,5262,2.521749258041382
954227E3450D49339CDA0B57583E449A,5263,2.322606086730957
567B82882A35454FB6E10CDB701FB056,5264,3.120435237884521
576D7F41B6644A228BB18FD0AB94FDCF,5265,1.040568709373474
917E60FD47AD4F7CAB9584AF61D87D88,5266,3.477579116821289
F33DBBDAAB02459B99BF8B119A96105E,5268,2.765654802322388
F0384787161A464CB5B850CE515D1B16,5269,3.189087390899658
7C5D557790D84385864BB284938D4955,5271,1.700855374336243
E6D642BA3FE444DCB70BA3C2ADA4A10E,5273,1.282770037651062
FE5215A81567489FBC60930236B1C65E,5274,1.9301103353500368
2EF8FCE305884704898D6557DC094F28,5276,2.5546507835388184
02F69BEC8C634062B8BA9A11CD95D854,5277,2.6190855503082275
FA0E0F86F34E473A93FB93446C719DBF,5278,2.5321218967437744
01CB72D51A3A4E6DBAA7F3894205E895,5279,2.2232723236083984
442A4DBB859746FE8F9EDBEB6AD1A519,5280,2.464665174484253
C9BF53412788445E8DF6EA065AFFA0A6,5284,1.6797888278961182
1D915405B9A54AA9A75C608026E3E3CD,5288,1.797713279724121
CB5A34FA5236466ABFAFD21116280BF0,5290,1.1122167110443115
EBB7CFA48E0B429B986A48140B7A38C4,5292,2.381239414215088
8BFBA32CB8FD4446A7FCA7A3BA551D9B,5293,2.0087358951568604
FDE86FE9E3464F1488DADC1E10C73C83,5294,2.556086301803589
E33BCFDCFB54482A9AB5822BDC4ADCC6,5295,1.6385257244110107
370C0B06651E4C23AC8CD94C86B91E85,5296,2.4129364490509038
0B69C452EFFF4EA189BCD365119EFE15,5297,2.982267141342163
A337038A090547458FC0D162EFFD9BDC,5298,3.5411477088928223
C00B7F79D4C944AABF7219589DDAB05A,5299,1.7937393188476562
972F5FC312B54088BD1700B63688870E,5300,2.534914255142212
9B04594D157B4238B6D29D87DBA83115,5301,1.3386770486831665
1985A9BB450945ACAB74AE551F5F4855,5302,1.6095131635665894
704EC4CF11FD450A95C57A0D8635261D,5303,2.4612324237823486
8647B6B17E1145EA97FD346D9B7EDAF5,5304,3.0015735626220703
C22F7D9519EE439CA81B55F9AC9E7E2C,5309,2.9090850353240967
ABCBB9F2748C4AD4932C31B3D37B4BFD,5310,2.464834928512573
D89794CDF79C4FEAAD00890102CE6449,5311,3.4940571784973145
A0AF40BE5A6445B58B94C637229FFFB8,5313,3.5253586769104004
5DD08083232345419941C0C1408696DB,5315,5.021239280700684
3223950E5CB54F618F25ED399A04977E,5324,2.13459849357605
BEC6553BC21E4DBA82FF5FEFB9F8FFC2,5325,1.15986967086792
26784E6E5F4A464CA60AB5021596A8F1,5326,1.871851086616516
D318DB20064E4F9C83C673D14F8CA03F,5329,1.7955563068389893
FA34CD4A2CFA4A01B96520AA7B9E89F2,5345,1.1893688440322876
C838A1DC213A47F2BDD4320901238FD9,5350,2.4122438430786133
3E3E0CB0D90D4B86847327C4BB7FFD15,5357,1.9694525003433228
3C2D5F4A00724069BEBA5DD222B8665B,5379,1.7498013973236084
B39E6B514CA94087BF3F33943578B155,5391,2.6577749252319336
623352108364417692BB785563EFA081,5394,2.1777262687683105
8A833D7BE10C46D6A74BFBB00AF80ADA,5396,1.665288329124451
E4AA2713E85B44218945B12E27CB2643,5413,2.073606014251709
049734E259614A7AB8D2272D7744C2DF,5414,3.023317575454712
F9BEECC96B984BB19331E0EEA3DB2771,5415,2.7795445919036865
B4E22E3609DF42C08D79756A3454B6A6,5416,1.7357492446899414
99C3C375761A4434AF9A1FFCF9AD723B,5417,2.0505259037017822
8F3CCD4D2C5C46F19799E4F9C300AD39,5418,1.9643306732177732
662F9702F17848188C63677451353225,5419,1.7874311208724976
BEE923A7BE164DB186A0143410C010B3,5420,1.7098290920257568
9EB0772D53554FA28FEC53F2C150466F,5421,1.2574560642242432
DD2A0EC3C3CB4CD8A396F4AF4794A87E,5423,1.9648313522338867
2836DD929EDB4032BED9E89365744F28,5424,2.050912618637085
6B477439D9B246879B6AE031CB2A14AA,5425,3.07735276222229
C4C8821A33A147A1A2B9C19923CAC295,5426,2.588426351547241
56137B5BB1CB44DD94A3214A5AB94B1A,5429,3.0702126026153564
CD9F525D78B147159AFC81C2BF67C1F8,5430,1.928099274635315
4504F2F68B1B4EA09313AF20622892A4,5431,1.5996419191360474
1EE9B1E9E0C44235AF03D01A174A18C5,5432,1.4615764617919922
D25110E059924467BF2519091D6007BD,5433,1.9746724367141724
98A3EE780A0A486D9D2F00FC163E2CD6,5434,1.2199164628982544
D4724FCDB42F447D92D4F2FF874DF2A5,5435,2.205739498138428
FFC25194C04B4FBAA3C1E9947C2118D9,5436,3.006993055343628
C862A5CF5FDA43BFAE57827FA1F9433B,5437,1.1169778108596802
9216AB51166F43619C23598115937CC1,5438,1.7527166604995728
EAFD5ABF76A34F6CA90400CE5B301578,5439,2.197465419769287
D6A15B2FA41D4BE7862949A9E67C2A12,5440,2.412267208099365
C86235A87B3D463994BAD27C6259B250,5443,2.293417930603028
4CF522A5ED484E9EA5DFEF6C1461D0E8,5444,1.826640486717224
039E107421874BA791EFF765928429C5,5446,2.0524725914001465
68AE52DF98C44E0A9F6C0987FF3032C3,5447,2.168504476547241
90A4FC6F57C4448593B7A6951CCDD36D,5448,3.286029815673828
36BC5324061D47F89FD0A0EDCBA61C13,5449,2.4019742012023926
09D69EFDCC544667B496DD8E75CF4EC2,5450,2.5027332305908203
7255EB8A9E794A6F8EDACE6D477045E6,5453,2.3583171367645264
8F964D815DE947CBB9BEFE134A8D3C59,5454,2.1542961597442627
E769B916E2C24C4992A419B4423AC7AB,5455,1.9412815570831297
93E2CFED68164DBFAF8C9EE0BE15CAAD,5456,2.60737943649292
EA585D19541C47009C5A85F75C70AE39,5457,2.55785608291626
B44DC75BF7E044F7A66DBFFA1EC9F692,5459,1.5832586288452148
DEEB81D1725945B7AB9429E7BA31A5D6,5460,3.534592866897583
6A5FDF06CA8B4FE7B05C106446690B25,5461,1.8796019554138184
167F183F162F455882784CA4CAEBA8C2,5462,2.041081428527832
DB279AB2277346F586CBF93CEF1D9F2C,5463,1.6327836513519287
577E89BDF2FC4EED92C84DF58663F97C,5464,2.319802761077881
05A0D32D60004012B4E9E9F7C6AC9E9C,5465,3.298881769180298
ED7A60B0117D4209894A70BBCB112560,5467,2.466248750686645
B7D21927472C45B3866D10E6FB320AB8,5468,2.1935789585113525
0446F349A5964682B208695E85157806,5470,1.2440868616104126
5FBBC96F4DA94EEFBF1FCA4F75BF70B1,5471,1.7083641290664673
4FE4C712540741F193B5A86200578B11,5473,2.402561664581299
5A78BC6594F84ADB8A721FE0A74DF84F,5496,2.699070692062378
82EC98C47EC04FC0861BECD187295BE2,5497,1.131378173828125
A435FD8138404717B388DBF5B1681D23,5498,1.615074872970581
7F9ABC9A201D472780603DFDD676E782,5499,1.6950494050979614
0C14518F6C034C4692FC422723D757D1,5501,2.881541013717652
12A06FBAC02B43F3A1D678274F40E3A0,5502,2.754078865051269
F2E00CD3924E4A17917E2E3DC5BF0C65,5503,2.3296902179718018
BB4425B8968743B58AB851EB0E2A9FA9,5504,1.8962478637695312
09ACEC563ABC424BA9B71481D572E6EB,5505,2.0057506561279297
23B15143C4924D5FB068212159B59EDF,5508,2.295828342437744
51F85FF6DEAC4A17B4437C326BC61169,5509,2.7633299827575684
6E4739172E204F75ADC43F68717153E7,5511,1.910086750984192
2A1A53D9701045558151E6DEDF343BC9,5512,1.8898285627365112
2336B2B4B8B14A59B19D073F0D0C9F56,5513,1.37833571434021
A65B0B83594D4AB6A3FC8DDA3624FC5D,5515,3.7123172283172607
355FD73BD50C41A38E8FC172C3029544,5517,1.554389238357544
5643C7EAD53A4618B90AF46818BDADC7,5518,2.06119155883789
4F1B972C040C4276B96702FB7B032E2A,5519,2.497223377227783
442A496F82B142BD80021310AE144EA7,5520,2.757842540740967
75B699C5D6564DDD8BE5AFE1FE152267,5523,1.120835542678833
757649A93CB94B75A0161FD02A0BD864,5526,1.932786464691162
A4FBDE8264E2462C9C1493A88B665061,5529,1.0128976106643677
EAF09BEE98BE4DBB854786B5248F20E5,5530,2.911189317703247
A8C8741BCF3A4E5C8FCC16F930D06FEA,5531,3.2930116653442383
F787DFF35667468D8668D776F552B56B,5534,2.9504234790802
3BFB5D6B26CF4AA2AF6071C252598B9E,5535,1.1434978246688845
52F21B0001B04D9BADE6BEA0550B5468,5536,2.003838300704956
745CF570B3914D5EBAD386776773C469,5538,1.1998693943023682
714485473FFA48F69AE7FDDA17CA231C,5539,1.9665428400039675
494A4300E2F54EFCBE892EDE8799C69C,5540,2.89420747756958
C8FE9659987D45BEB51AE883528C5534,5541,2.250006437301636
2651510586E94B65901E55227215743A,5542,1.487271070480347
678C8BA851524B3BB77BA63C400DA3ED,5543,1.0854692459106443
A13DB6E8628B44B4B5DF82B5032D6B34,5545,1.928951859474182
2B21B7636CAD4FE3B5E616714E830F53,5547,1.0344650745391846
5E946D3F85BA47D9AA7658564831039D,5548,1.6512469053268433
EC7ABA5A44CB4DEAB5ED3305123D9206,5552,2.388364553451538
53EC3537DE064146935AEB7AF294D0FC,5554,2.6194770336151123
91E86169A89642D5A311888077473AE7,5555,2.7602877616882324
80CBF35491AE43E0B420E694500ACA84,5556,2.297682285308838
3B54AA1060CC454F82E04F6CFBC6ECAD,5559,1.704251766204834
2447EDCCADFE42F689291E5BF95E7FD0,5560,1.654928207397461
0CDB6846CCF84D4EB74B6669E59F9CE9,5561,1.0763862133026123
21727F7DC5354EDCA80C499E02C4E3A9,5562,2.602415084838867
14262C188767498FBC2189CAD3C0755D,5564,1.890136957168579
9B26B8D7E978481BA88EB1816CD50BB3,5565,2.307185649871826
D750FA1C2DAA4EB58460A5CB61135D75,5566,1.615343451499939
327B7D78DA5845EFAE41DE3F0A8269A5,5567,2.568251371383667
CB4D4CD5E7354B1CA41929C8C8E5E8D3,5568,1.8510091304779053
C631D309E0AE45E3A237144F9559B937,5569,3.257221937179565
66A7A11A705944A7908EF734EAFAE1CB,5570,2.742636203765869
01A1261072B54C388202FE35CED5769E,5572,2.558863878250122
3249A7BD96A340AC98FFC864F3C626C6,5573,1.5270500183105469
838105A5B5034120951E1A5F0AECEE4E,5574,2.7690682411193848
E6300705A187412FB62D58274193B766,5577,2.522334337234497
E682C2B30A144B14929B0B2D7C01E7D3,5579,3.701509952545166
BF7C68F80CF74FA2BA25B610C9BFC864,5580,2.60186505317688
4C2650ABB544412EA781DC835F694E55,5581,2.3635170459747314
1C701F03A34643B39ACFD7B07D8F862B,5584,2.398231744766236
998DC8E98EC14211B82D53C27F55DF93,5591,2.002573013305664
A4634667043F492A993D08B6484090E5,5602,1.5705891847610474
2A7E2B339E2B4E3C82FA88D0A979CB07,5605,1.1777124404907229
3F36A504527C4AC7A277741535C8384B,5606,2.558626174926758
06D0A0B7823B4E6BBFEFA270E8EEB2F7,5607,1.7065309286117554
2B9A44D5789C4EC58BC98655463730DA,5609,1.0393296480178833
F090B1982D084DA2AFA17A23A38ABBEE,5611,2.205047130584717
50495FBC2B5E49F48AECF4C929B018C8,5612,1.0771334171295166
543DF6EA7DD6462EBEA33AE6331211DC,5613,2.4714856147766118
8E1272409CF642F5AB2F9D4E6224DF9A,5614,1.2845121622085571
8A63A8C08763428BAA893CCF23D7DFEB,5615,2.007134437561035
3D9847E1DD6C41FB92F1F1C1EAD5EBC5,5617,1.9365073442459104
873A15F13B55491394C38AE3FD50DEA2,5619,2.872061252593994
C869273164954832A65B8D74AF83B272,5620,1.0495201349258425
68112AFABF74425F89F28C0B8E848D7A,5623,2.227573871612549
51F0036AB7D14BC8BEF1582B1ABD5D30,5624,1.1594603061676023
AA5AF0DB305C437F9FBC60891AF77740,5625,2.263998508453369
EDE126E2785C444FB2A5C7D816D77CCD,5627,2.629577159881592
94002FE2DB674B079169628561CBE7D4,5630,3.0010406970977783
F0F451F8A03E4C82A59CC315A08289D4,5631,2.495590686798096
499D829155574893B41A59D5B6D0081A,5632,2.01271653175354
F274ED1BE21549FE9BCE3616803F4360,5633,2.6325502395629883
5227792AC8DE4932B94185303450E897,5634,1.8887676000595093
6C6C309D534C44A9B606E29397EBAB1D,5635,3.5220041275024414
A30CFB63665A497D989A61F032923E41,5639,2.129371166229248
