participantId,IC_claude-haiku-4.5
00020013B09747E38456608B83C1DD3D,3.0
002D321B2814496DA6BDA3438A04F646,2.0
00733809B26D472B84E607A9F56CA0B3,2.0
007E3D7B0AA44CB4AFD6EC9EE176C09F,3.0
00D808BCA2364DC0A9D86AAFCCF3B83E,3.0
015D95BA960E4D8387F933A0C7E87F69,2.0
0174509221D04AC686B6495AD776893F,1.0
017C8C450361429AAE43EB0F8B58C6E9,3.0
01A4A3D8DB3E44BAA3F9DE88CB8BE7F8,1.0
01BDCB71123048979A77AB656EEBD585,2.0
01EF75549D974DC29E873F9A9C8969C5,2.0
0207800282DC461FB786F34E978670DB,3.0
025215C368C44B6293EC0867AF952F12,3.0
02673988CCD94CD29BC5AA5599730EE4,3.0
028878847DC8464B867AC2BC6C913736,3.0
02A990D7ED6F42E783E9F3C815C70624,3.0
02B0C9B821B547208FEA092A7E611EFA,3.0
02B0D4A366354AC789619EFFCEB2DF70,4.0
02FFED5FE7BA42D8B1F06CB410DDE9ED,2.0
03052B77A43E44FC838893BF4443EBD4,3.0
0314E9F1674F490BAD79B4319F136C83,2.0
0320B3B1DD3C45D8AFF07F68D7C2EB4C,1.0
0348DB2D2D984340A8B121EDD1D59218,2.0
034AA152656B4D7A978ECD958E2EC126,2.0
036BF3ACCB0D49F19A56F0D1A9978A65,3.0
036D9C8010574494A5069728410F3D88,2.0
03DE8461A90E4AE08F72F2258BBA7832,3.0
03DF43246C914ABBB382B76F6C04DDA9,4.0
03F8121919934280A6E844180BB752E4,3.0
0431D5BA355F4FC88E298499DCBB4835,5.0
04D41E6B266D4DBD9F5C2DF68FC37E88,3.0
055F9634E0FE41BE92515F582A94C4DC,2.0
0563AEDA22FE44379014F594A1FB97C4,3.0
057071BFAB3646AF8A7361C5A4DD2DF1,4.0
0598B10C365945E695DFB189C2C92EA4,2.0
05A817D5DA014DC4AA233348D99967EA,3.0
05D7009CECE743599BB3DA0BD57D1A0E,3.0
066D1931466649869120A1A3F0E3850A,3.0
067DD6498E3641409AF8F040B518EEE5,3.0
06918BB67F2E425D9B5D2777BD9E768F,3.0
069FBE244A0447DD818AFFB5451DADFC,2.0
06C58E137FE648B69C06478F6375BE9B,3.0
06CE1448F099432681A5B0CAB2ABBAD3,2.0
0719562D653E4EC8985BBF7C484A12FE,3.0
0733FF06AD3546A6BCC7A9CA4D996427,3.0
075547609C19467DA5E1EFE1807931CF,3.0
077EBB20179F4DDF9DA032AF2B7EE4F4,3.0
078F7A115A0D4657B7D709EE68422F20,3.0
0790914064FA483CB0D3F41C9C7ECE27,2.0
07B408114B4545CA8B587B7E09BF1A01,3.0
07CBE1A0E24A42018158AA7824DE1CC1,3.0
07F3771A799C4B158FB132CD4AECD77E,3.0
0812D70A96C540C494E0303F848FE07C,2.0
081C478370F54DABBF6F76F47BC7FD67,2.0
0830BA03876848F1B1BA6DC81CFA3B08,3.0
08590A5B2D464E66ADCA09AE090599F5,3.0
089D82A5517A4F8DBE81B68F9B619986,3.0
08AD676E193D4EF09FBC96786A099818,2.0
08B341BEEA054293985F646A809C60B7,4.0
08E4CFD3D8F44067BF68321C3D15905D,3.0
090C2C2C579C410ABB7E60595B30EA2B,3.0
090D3CFED70D494A9BF246CA0163DDD2,3.0
09190A9D84464152AF8C06F51D497F20,2.0
092022D220DF4B619C553C2AEB785496,3.0
09CEA90ABB7A4BBDA84C66A126861C99,3.0
09EFBDA9CEE54220897289B04F25FCB1,3.0
09F9562EF2F7416D998DC377B695CEDF,2.0
0A02A8468E53436CA70D62333711DCE4,3.0
0A44287365B0487FA1EFBDFEFC4B2636,3.0
0A6D46A7A59A4E3399BBB88B118F7BD5,3.0
0AC2D96EB03B4CBD86FD28529D4A0F53,2.0
0AC825E584F64AD2A7E3C8D1C3D9DE0B,3.0
0ADA37824AA94F758F7EACBB6B30F330,2.0
0B23D5D9AACA4AFD9227F5D0EFE58EEA,2.0
0B47AA52A87546219713EBE2AD7E32B6,1.0
0B6AB0B22E0C483D8CD7E057C84F40B5,3.0
0B88803070B24C55BACFF1F753044E2F,4.0
0BCC2E2FF5E84913AA0924679208ACF2,1.0
0C61C99BAE774D43A60D85D526B251F1,3.0
0C8DAAF0BDE74D6482EC557F33586F18,3.0
0C94287DC0824352AF4A948E9814E5F1,4.0
0C957C6024B8411186541E553778689E,3.0
0C988943E24544AAB0F7289E953CC257,3.0
0CA6D66EEB91468B8A04190507F75569,3.0
0CC6EEE9478C4898BF4028C7E27A40CF,2.0
0CDB37B39DAA456CAC5E5317B2C8367F,3.0
0CF01309AD5942F5A8D4E0319EBA3E44,2.0
0CF9E6F37430418098E067D1FCD26B5C,2.0
0D1BC9FBDD1340F6909E63D0DE210109,3.0
0D2A2231EC8249BAA92F6094E067AC71,3.0
0D4573619FE44AFBA261F7767D276C07,3.0
0DAE4880AA2C4E62872631E5AD7D6754,2.0
0DBBE5A541C74728A2F3319FF9F9A8A2,4.0
0DD37DD74F78411CA386536CD2688B6D,3.0
0DF4A59C61574D059D3FD9D0057020DB,3.0
0E0D3F24900D47D9BE328C291BD34F61,3.0
0EABC83DEC174181BBA65D80FEC52A77,3.0
0ED83422D6474D4FB61C995A7C79559B,2.0
0F0D9CC38A3E42058DC0FA76CDC0D801,1.0
0F4CC486FCEF48E99DE6DDCDCB734089,1.0
0F5180306E9B469FA9F4894A7D5C67E7,3.0
0F54E65898B74092AE787C7ACE5BCE16,2.0
0F77333923DE4E73B203CEBE68A603FA,3.0
0F7EBF94F63043299EDAA3466A243836,3.0
0F82F610DABF4BD3AB18D1D20C15FF83,2.0
0F8F309B96464B85B860E8D4F8F32BF8,3.0
0FB2898E4FBD4F75A763EF5703E34167,3.0
0FB4B87F0F00489588CE1CCF77F0AFDC,3.0
0FD2FE3A81B944F998CFBA7227EED4F1,3.0
0FEADE5D3F104C99A49DD93BAD08EF9A,3.0
10355AA1C41B478CAC46DCF8EBA08A19,2.0
10576D7607BA41749D4D082D5E448A8C,4.0
106A4BC8C3D54834A2DF3C58110D3175,2.0
10B1280462AB482D9E7D1476747D4AF6,3.0
10BA0F4507A84E88AE4FEA09D6D4F610,2.0
10DE7B83D33E4443B107AF1F33F735E3,3.0
10F9EB571E8F4893B63292EDAB04F3A0,3.0
1105F280E99348E591456C83703A3BBF,3.0
111B9C01B7A24FB1BA760C980D409019,3.0
1127944010CA4D02827AC3B68B91714A,3.0
1135088B7E4248599036A92B9DFC3742,2.0
113B49B2AE4A4DC498CEB59DB9A86125,2.0
11C928CBCF6C4661BD61754FE522A9B4,3.0
11CCADB4BB58465D8ED9969CB4C1B9FD,2.0
11F1E2B4FF8A4E4FA5665AAC58516103,3.0
12076A45802B405BB00ABBFBB67729E0,3.0
12076B51DE264DD08FCA1D5AF1DF8DFC,3.0
122CCF43D69544DB9A8EC86DA60AABC6,3.0
124E724F13954961B0E310F48BC7BE5F,4.0
125F1933F86C416188AC7832956604BD,3.0
12814A4E7A304162B18513952018A58B,2.0
12A944F70DA04BADBAC467534256AEE7,2.0
12CB3ED72C0345718EC223414AFEAB6A,3.0
12E48DA17B874C96ADED1C40AFA77EF6,2.0
12E950E4E4F24A04A202AE41BB25F094,2.0
1304BAAAAFA04DEE959F8EC00A5E49F6,3.0
1356074AB0944015B670CC9A8277CBD3,2.0
13B171878B054E45B82D05151F7E5B42,2.0
13B9F33091CD49BEACB6CDB88C0FBBDF,2.0
13BC6E0DB7D942DD855C0A1C6DF011D9,3.0
141DA6F52C1145FE88F48FA0763B085A,3.0
14790771352D4EACA720F0E454E1FD1B,3.0
147A85A3EE4E4A57921F890CA7232BC6,3.0
14859321998D497897702AF68E4B0855,4.0
14A0903A2BEF4452ADE356401E04173E,3.0
14DC7F13EFEA4D6C953D4F121C2D9132,3.0
14F37F4836E74DA99D8580CDA2DA9466,3.0
14FAB1BF5EE241F4AC1E2B8279B866AA,4.0
1504F19B761F4CB6BA5FC67174D5645C,3.0
15320287CE574BA982689DD555E81480,2.0
153E048211D1463B89355B19DB33CF2D,4.0
1542E6F75D704E3BA0D5726CF3CA1F43,3.0
1543A978F1E5447D81CA1A605FBD99CE,3.0
156397C041DA4284984B2338B130557C,2.0
1579D86EAB1643728C911CA441E2AFDF,2.0
160F3210920D4FA183BBBDB1324B866C,2.0
162FE4DC007B40758F0A8C323E0D90A5,2.0
164679906AE8406A830DB3F47BEAB4D8,2.0
168E08BE269E4A4B950DD0E7CE7395C9,3.0
16BD92D3744F4002919E927F42836452,4.0
171B2E65F1C743E0ABE96BE1FAEB6D56,2.0
17223F112C5A47AE9B530EA3B97C3BBA,3.0
172A85CD76834494978381D1A1025E1C,3.0
1732B2536CDC4CB2A85C0AF2B8A2F39C,3.0
17396E5B849149F69A7A7F00A494C443,3.0
176175CB71BE4F899BC90A1854018057,2.0
176B40DB9C0E4C7A9EC1E3EC0095D980,2.0
1777C0240ECF429DBAADEE190D82ABE8,3.0
17AC5D9ABD6F47E08C8F01E94EA31465,3.0
17E164CD84AC4F23B1D843EBD341FFDA,3.0
17ED70367EEB4FA89C53AA9B0624072D,3.0
17F11C1317A246D4A8BF1009B975E54F,3.0
180BDA272B474D36AF9FA9EC01779D78,2.0
189C3E7BE9974706A20C5FF5DEBD57BC,3.0
18B0CB68ACAA4701AC3C9320DA644712,3.0
18BF3F62EA1E48C99F02957B74EF2626,3.0
18EBEB4C60934800974837D95731BA1F,3.0
191FFCCB72F34A3188F338C4AFD474FD,3.0
1938D7A0E8B74512AC6DD8AEB952A725,3.0
1946CFB44F40468FBFC20DB8DA6087FB,2.0
194B407920E54E169614F93C42925AB2,3.0
1968A6EAE67742A5BD73ECDFEBC1DE9F,3.0
197D494A8BC145648D0BD3C478076306,3.0
19D62C33900147E78E809ABE24C30FEE,3.0
19E12DE27ADC4039A4E463116C584C1D,3.0
1A0154347E7D4EE288D559419A5F17FA,3.0
1A0314D120FB4A51A37CB97DD9F8C766,3.0
1A34FA8D1D1947E7B5F62D1717AE2C24,3.0
1A50C83D22B447A992C00AC1C88619DD,3.0
1A6684858C8C4038B81DF64110A172D4,3.0
1A7A973EBA6B46E3BB0840196EFFCB85,3.0
1A7EA2A243BF467897CDCD8065FD980B,3.0
1A81AAEF46BF439EB6AC3777A6998D42,4.0
1A9B209F77A148F4BDB3AD1E10626FDC,2.0
1AA2C6B8253E42239798BEF551198E36,3.0
1ABFFC0D417E470797239BD1BDCDB11B,2.0
1AC5B87B8AE146579545F45E38946B82,3.0
1B1C10182A384B7681EBA6678F94BF22,3.0
1B50F986520746DEB6C52F0A30F9E0EE,3.0
1B5D505CFA764283AF3C32D2E6BEB315,2.0
1B7D9FACB6E84FB896CD98CF16FDB570,2.0
1B9B7CC496574E68A276AEC7ACB0BBB2,3.0
1BB3488924EC4783A23C5E23FA6F1CFF,2.0
1BB702A0A1934701B783F647300ECF19,2.0
1BBCE476D5224CB29E812365D16BC9C9,3.0
1BC0A2F4795F44D7961BFC619B0A78C2,3.0
1BD3309355654DCBA10096C31AB3B835,5.0
1BE705FED8414549A9FAF1CCF2EC8E31,3.0
1BF219FD16654D2984BCAD607B5A595C,2.0
1C2D2BC675A54F30A496DDEEFDA7BC31,3.0
1C3FEAA46E0444B8B0F96480EF8E0F8A,1.0
1C4F2F122038411CA6CD8C00BF205A30,3.0
1C7E61C3C959473CABD4BF5263E386AA,1.0
1CF7C21F094A41B787AA4786ED542DC9,3.0
1CFC825143704473BE9D8266F27DD7A3,3.0
1D008EE3614A43F98C20BBB9E079587F,2.0
1D7343B38ECA44758C4993C48B60B93B,4.0
1DA0915ABC8A4FB58E4965733CE95B4A,5.0
1DE44F23C4D54CA9B8FB5B931D596BF6,3.0
1E107EDEE61042F29462D27824A6B420,3.0
1E33694C90664523B1AEF85C06B15DB6,3.0
1E38DF1521A84B339B6B950259245195,3.0
1E7E3D7A5A5948DFA7B6FBB147749B4F,3.0
1E9F2DF0EAC14FE5ACF9DC801B872A3F,3.0
1EC68FB44F3E4137B7AB7E4403CEB98F,3.0
1F45A1E927404BE58CE83E01DADB466E,3.0
1F541E4508614FA8B7FEFEC26097F6FA,3.0
1FA849B64DB44D6AB82823C005B0AA50,1.0
1FAEC64EB86245648BE52966683EAAEA,3.0
1FB08F75532D4ED19E77B8474B4565D2,2.0
1FD4C18B0D384547A10B4BD0C8D8DF7E,3.0
2005C80C4D674B82A36FD906AE99C269,3.0
20BBD8537EB741D0908AFFF0683DE8FA,3.0
20EF074F1BE845968571A16911384264,3.0
211D1CCD28E5470891A636CDB3B801C7,3.0
213DA1E1CA854DC193797E6F8B7BADA1,3.0
218B7F0C706E4DDABC314AD5124EA5D0,4.0
220A65D632FD4E2F956E096BBA236D60,3.0
2218182CD823447B9AC2ABD92512ACC4,4.0
22302210837C490E9777B2AA6A46DB19,3.0
2241CE49B9D64A0F8997374BFEAA4E57,3.0
2259F7A583134B458B07132AFF82ED3E,3.0
2270DFB8BCD94043BFF87245AAE79F3D,3.0
2286DE3990434D7E8EFF030519CEBCD6,3.0
22AB2A9C4D62424C977E676960E2A08E,1.0
22E492A741D541719F3F4A32D1FDD283,3.0
22FDC5C139DA4C9BAF405E9138CE5AC7,3.0
231AC4E1BD0C4009A8CCB30557EDFC9F,3.0
2339BC361C9940F5B3570FA3BF206E87,3.0
23A0AA31DA424113B118E1545F724FFC,2.0
2423D06BF94748319D7210CBA0D5EBD6,3.0
242540AED1C7463890838C715C926676,3.0
24658268D55A40EAAD6427AEA2EAB6AE,3.0
246ECD3C2F374F34ABC19EEDD12D5453,3.0
24ABBF6EDB1341E88F4891C7379ECF91,3.0
24BA8014F3B3488CA61B4D6B1ACE42E8,3.0
24C5D400CCFD4E969375AE304094A55C,3.0
24D8A43E913A4B9D921B5F9234706131,5.0
251B6B4ABEAC476DBDF820FFAF9EB51C,3.0
25525D5C2C144CAA884FD10300D6C036,3.0
2583756F3E164C5483728003BC76B2C9,1.0
258A7DC25E814C7182E41571A6CA9DD4,3.0
25B446F37B594F00991A49CF11ECAD26,3.0
25B64462723E45CB91EE367453B8AF7E,3.0
2651BF73651149FEB0A40547AE586F55,3.0
266B9DA741E84F38BEDDA5454A2D86E6,4.0
26807F7DCC4D4139BCF07FF38A81CFC7,4.0
277B18C384D34724B793D1CDB78A4246,3.0
27846D4655C8469894AFEE887B1DB11F,3.0
27AE1B17B04048009D52EA7E956BE7C0,2.0
27B0B234540142D798218F36F73DA28F,3.0
27C96E8DDC7E4730827171054E324FD3,3.0
280AC64B163F4EDB84E7501ED2D556E1,3.0
285557E5034C4E5CB451E6ACD006954E,3.0
286F7353F1AE4795AE41962A57CF2D98,3.0
28866256FF2D491283D1186E47E7B42F,3.0
289563D6BCAF43739083EEA3D931B2A4,2.0
28C06D84EADE4596BD7C585E8466F72F,2.0
28F43B2656684768B34F8259EC94CF71,3.0
29099C005ED247DEA9BD01DD247C8428,3.0
29150DD46E7D4E988C875B35D42971E4,2.0
293F48BB42D7407C9552572E7D0841D8,3.0
2955EA08588D406A925CF7E1514DE7C3,2.0
298C9F0889D7453D82FBD7F8AD65B92F,3.0
299F876D71444B63A97416210993AB60,3.0
29A31BF2B9C34743BA1034C4780FE27B,3.0
29C5C09A376D4377B961D6898F2995FF,2.0
2A04A16CF7C6422AB88D6C019A6A3524,3.0
2A106A4184A241D79ABFAE1E113AD4FA,3.0
2A1867E1E3054B85BCA7AA614A39C2B5,3.0
2A2B6FF9D90943D99D47115FA01CAA82,2.0
2A407D201F0C4742B4C84C3CDF38312E,2.0
2AB9D9679DE3406EACE629638F177A8E,3.0
2ABC6ED4106141FCBBF98AF2778DA134,3.0
2AD940C9920D4E468795F170DBB5E37C,3.0
2ADCE53376854AEFB3B3565B01B647CC,2.0
2B5FFAD4F8894CDBB5FEA78E7152CBD5,2.0
2B6E7580A0964CABA9A80744D910F58F,3.0
2B82DC6372314880A490AE6087A783EF,3.0
2BBE5937BBFE4785B52F3D7C76ECA488,2.0
2BC90C9DF3DD418AB717355BC9C8E792,3.0
2BE67863758E436BAB6D28C879D69ADF,3.0
2BE850FEF17146DA925C004E3460D697,3.0
2BF41C8CCF654B6EBFB591A75F389F0E,3.0
2C1FAB16527D44AE9D8E424932793470,3.0
2C55D79052184907A780644A2B23EAB1,3.0
2C5D3BDDA0F544BAAD486963BF33D093,4.0
2CA3A04477C04E21A1EB0C7F511EEB3F,3.0
2CC1A6A3DAA8416DB0FBADD7BFFEE144,4.0
2CD5B52F54EF4C468B6FB2E60B42ACA4,1.0
2D0385A7CDE54C2F811511E03AB17936,3.0
2D3152CF46DF486A9F1D933FA27BF0EF,3.0
2D8B47CFA93F4F9297762920974DD1EA,3.0
2DBAFCA77A984F5281AC177BA95BDC3E,1.0
2E5D21D7783C4AF0966C6576042B4692,3.0
2E807933B42747A899A88A782D852855,4.0
2E8D9761DC7E461CB226FD8055BC576B,2.0
2F54C791B5664522B7D4391EF26E36AC,4.0
2FAAB38BDC9D4CD989A266BD6D8202FB,3.0
2FB0B50FBD6646FCA58F05AD41B53FE1,2.0
2FE4331C127B4D2BA55F7CE52142FC8F,3.0
303D99BA9DBC40BEAC4248F43EC2654B,4.0
304B703B1410477DAB3A032D0FF2E0FD,3.0
305D194439784138A7A4F13CACF45AD4,3.0
30693AE975AF4DB89259D7A37FCBEE73,3.0
30767FCAC4F7400AA58A0BB13DD59708,3.0
30BD1E4838B84EC1B64F2C8CB1102174,2.0
30D25D3294DD4335BA4792828C71B7C7,2.0
30D97A443963426CBAB8F38636B70CFA,3.0
30F3F734AFB648BC87DB49F5943AE4A4,3.0
3105C9CC889E4367AB84F63D002677E7,3.0
312642AC1BAC48A98BCA5FF4078B3859,2.0
31320CD6D1C54F5FAA92935EBFB26801,3.0
3185D8503BF7491797762FDD744E2C83,2.0
319E032E04894EFF8714701682900505,2.0
31BBCE6D968F48649D23F74BEFF5BEF9,4.0
31E0504C7F98409887CE0B649EC81D57,4.0
31F9D6092C044A45B529A5B63A91E2F5,3.0
324E112063554ECD9A574193C1CE9B6C,3.0
32557ED8C8D24F46B3B42975F74FA74D,3.0
327C4218CA7D466F8DB6F14B51FA6245,3.0
32AFEA148350483B827F31CBA44CE975,2.0
32AFF7C626094B2D933C7FB90999BFF1,3.0
32B72EC2E7344792A27E839D9A4EEDFE,3.0
32DEA1F517454177B39C5C885826D967,3.0
3308F050A81C4AB887BE6090B17C31F4,2.0
333EBBD183C14B108FF69B994DECBAD7,3.0
33526936A0F040A586BF3257A573D35D,3.0
337AE362496042D28DF745CB51DDE2E9,2.0
338AB0BA972C491AA44D468CC03FE65E,3.0
338F15A79C6B43BFB61340999A2F9AEB,3.0
33E7DB64BC584412AB6DDF27AEB0D41E,3.0
33EA65F95A8B452F801254B76D7571CB,2.0
33EA8481033D40D085A8FA4AF8B0ED69,2.0
3407D5E0D003450C8EFFF21E2E05ACB4,4.0
3413EED697A246E896AD0A399CDC3923,2.0
34476DCE7931476583325AB012B7CDA2,4.0
3455B367F24049FEA4BF14D146F9BB2B,3.0
34B5AF2FC0714F32B3EF600D3F8E6F79,2.0
34CB05964F6342D089DFC70009A93490,2.0
34E7AA07F1D4417FB1C52A8419E77995,1.0
352EFB98A109406EB8A7EACA7E5D64FC,2.0
352F50BB940746CDBA37845760C42016,3.0
35394F20A4054CEA896226E4F8270D9B,3.0
35458781FA444543970696E3FA173B16,1.0
357C54F95FA3411692D233B19AE52059,2.0
35A4E7C4166643B6955F1538E61DDA64,3.0
35D93117D0E64BF28CD8C0CB3984ECC9,2.0
3634B7B96900498DB70832FE9720B416,2.0
365525BEF01440AF9A2F68C447B8C457,2.0
3678EC80BBA94660A2B26BB59329B1F9,3.0
3684B7AA011B49AB851560B323FED266,3.0
36B83176DA574D56976600B92F7A1593,3.0
36C7F1E7CB144878BA1B3BE70B1B1FD1,3.0
36E93D2048D348D0854D1A880BC1CB99,3.0
3701428B74B748B4A55DA78FEAF1D7C8,4.0
371A4B6360FD48E7BD4654C22D128EE3,3.0
372EA4F9157C458B8AB6412F6BB14992,4.0
3730294F3F5748E4B7FBEEF1666125B4,3.0
373ED6D666184C09A4BF0422482B9013,3.0
3765DE826DE6446F867FF77A69F2AB4D,3.0
37DBD2018F1845EE979C304DA07DA823,1.0
3834958C0CBC4693A057C18E611A023D,3.0
384B94D391B0427586316A700F3C258A,3.0
3852396C477943258E7EE91584600B4C,3.0
38644703C35546FBAE15C412A8C7F127,3.0
3880C72DF6714D9F8722A987549DAB2B,3.0
3897878672EE48D19710F861C10825B7,3.0
389FB9674BAD4EC890991AA25B11011A,5.0
38A7448C97AD4A66BA29FAB3949EC466,1.0
38FFD6F4628448F28B46E86FDF6E5A9E,3.0
39454208C7A14D16A534174A29F3C135,3.0
396AC09EA4BA401EB79BE417061B79C2,2.0
396EC494592E487C9CE8F92297DDBB8D,3.0
39EAC1F71CD946B9AFEF8BCBB20F44CF,3.0
39F951D456CF4C9CA5A3685B9324CA72,2.0
3A027EB458E1432AB5977770B373F0CB,3.0
3A0F7CE06869478BBF908FF38CC4ED4F,4.0
3A16B33FCC354D1EB138BAB806DF944A,3.0
3A21AD090BD241D5AC2F9727504866AC,2.0
3A47BE994BF14AF4A8483FA3579FF261,2.0
3ACA5629045140EA8F0C8375D72B18DF,2.0
3ADB2033FD504029BBC8C3DB21B0E992,3.0
3B23BBF2A3014790BA4B47E62F829896,3.0
3B2E557DEFCC4283A6EB144F276B72DF,4.0
3B38A5254DE54246AF0CED838E6E24A3,3.0
3B6C3184A4E244F597BC4C2CB138C46C,1.0
3B768AC8B390452297C5E5C10BC430C4,3.0
3B780B63F0264A8594B76DD7E31C5143,3.0
3BB64F9300C24EB8BF33FCB70E432C5D,3.0
3BB9F558B79A4B22A71CF00356573354,3.0
3BF0A05747E34FB1AEA56835F1E74A57,3.0
3BFBDC65C28E4B2FA8EDA187DB8AC711,3.0
3C073C6DE9BE4F4FB014B07A289451CB,3.0
3C6A217DE6664F54B1103A5E9F227CA6,3.0
3C711D4E5874445A9938AAD3956A594D,3.0
3C9713985EF6444A974C932DC3038446,4.0
3CEB50BF94384D338758A8EB94E688EE,3.0
3CEF4BA9AD5F473DB69D2321A2A4EDEC,3.0
3D15077B52F04F429BA945E2A27D6C82,3.0
3D18040236CD496FA2BD532C4AD2AD72,3.0
3D57AC1420314470954BBF22A67A54A4,2.0
3D85EB88F85D4467A3F5EDEA63FCDD5B,2.0
3DD59A5E3F3D4AD4A0CBC6702625D9E0,3.0
3E3450E8BCA14E06A4015035204873D0,3.0
3E3DEF0881C743638CFFA109D69F83F2,3.0
3E4715FD6B504F5FBA2DFCF2B498109F,3.0
3E946DE2EB704C4FBF0AC7B641FACF87,1.0
3E989D35F5554D25BB0DC7E166E453BA,3.0
3E9A4A2D381C45359172DE1BB0811084,2.0
3EDA038087D84D8088C228E3B6CD74DB,3.0
3EEEDDC21A094D1D8909C04A8C409F40,3.0
3EF6A5E20EAB499E906012009617C84F,2.0
3F4660A535D744C599B7ABEDDA429589,3.0
3F551E470A3A47BBA557B8D4BD0C0A8B,3.0
3FBE48BD58064589803796AB9E813C23,3.0
3FD79C99AC364B2EBB19D7558375D942,2.0
401F5E2305B44387A0E8F47C91A50596,3.0
402B09FF1DD5417CB39FB5BECE8F89D7,4.0
4036C28BC46F499B9AFEC585026DD0C5,2.0
403C8227C620406B9F6826B882F2AF5B,2.0
40A8074BACE84DFFBFCFB1900226AFCE,3.0
40B2DF27F54E45DB810E096A998234FA,3.0
40D35DB4215847D6B5BB462AB39A715D,3.0
40DB9746BFD545C5A5EA1D527FE1BB92,3.0
40EFF561537C4854A700C7E6ADA79422,3.0
41004804288D4A3D95427E1601059930,4.0
410757414AA94B3BB70FDD2009691170,3.0
414B488E96C149CB847C9410220F910E,3.0
41727315B3A04DBCA4151E0725E83D93,3.0
41C58F47E6EE4D5F8D87E86A6097E9F6,3.0
4227771CBB974D8DBE299B31F11DF2FE,3.0
428E88458CA14B5A8C97DC8D8E7A30DE,2.0
429276F57209418C8A457834684638CB,3.0
4297AF3FDD3046A09816FC17FCEC1DD3,3.0
42E11D90D1474FD69C5FC6536F3C23C7,3.0
42FFCCE89DD8468ABBC4FB4D8E427A95,3.0
432A8BC3271E4699A1CCD64712CE25DE,2.0
4340729D52124358B71F7EB9BF157CB6,3.0
4364D011A8F84919A5C6B347E62EB848,2.0
43877F81936448DAAC16605052405D53,2.0
43EE05B1C9A14B2CA3D27C96E04674DE,2.0
441575BA018C4CE89F2398FC4C37893E,3.0
44186CFF828743288C16817BA3A492F7,2.0
443E9FD8B49141CDB6DB8638483C78C3,2.0
444EA235474A47BC916342CE3081FA62,2.0
4458A029AB8E493E8DCA8DCF84B4F062,3.0
445AC1F6941F4922BB96044C033D18D8,3.0
4462A0930F004CF6A5E56E5E33F97692,3.0
4467DF9E59C94C3FAF1E7880FEE558F4,3.0
44DA3FC1A51546699160A8544EF35A8E,2.0
45058888FDFF4477A0CC4BD0AD8CBCF6,2.0
4509B59C9C49499EB62F362D3A56B6A2,3.0
453E8B8456E9424FA9946D9509371D29,1.0
455F20AF46F94DE9B6146EC8C2219AEF,4.0
45619EEC714342B69D45730A7FF61C59,2.0
45BB0319012C4B6399D4EBE3972C2432,3.0
45CB965008064DF29DE172411EDB4512,2.0
45FE27F9D1FD4D879B8583D5202C2F17,4.0
463C367C45DC44E38525FE5FAC32F2D9,2.0
465B7A471BE5490880A9CDF8CCE62484,2.0
467535A5E255478A97460136960AE30C,3.0
468663412E82440A8CA94360BB6691B3,3.0
46AD95E4872045E097CB1B8B5E54A4D2,3.0
46C317071AFD46D9990A9FE0853F144F,3.0
46D0D2503E2C437395796D850F1EA374,3.0
46E344831C7A4298857D5B8B2208819B,4.0
4779523EEDD74CE281B66347CA303ED3,3.0
479598F3E3BB4A4196588B0B9FBF014A,3.0
47D14085382242C2BAF40C561743460C,3.0
47D58FE1963F4C4EBFED29872820F809,3.0
47F47A04EB6A4376AEBF677F8C86DA75,2.0
47FDBD463AEA4B3697C720C600B69789,2.0
4801FA4BF89E48E39EABF877E9699ED7,3.0
480624F7D2124687AD60694DFA6D7702,3.0
482E79D3DCAF41A88188438FBDB15FB8,2.0
48472C882A06488AA52B65B834034476,4.0
4890ACD4825C4A71AE140441B6D2D64D,3.0
48C25FEF10BD4E20A3FB02DD9551AE2A,3.0
48CF0836208947F3A9C1303E7ED49A0A,3.0
4942888CD07A4145B8244F61F8C318A6,3.0
494A60FAFC2F4B6BACEB6D5C2153D8B4,3.0
49503DFCE7BA46E0AFA0427A02FFEF2D,3.0
496A0B06C87442B9B1D31644B1178E4F,4.0
4988769312C24086B87B5B226E05975D,4.0
49B72D163C884C01A345E833E2AFCAC8,1.0
49BA30A06C2D40B5AF0461B701884CCA,1.0
49BF5EDA9DBA4309B8C25BA4B22C7C58,3.0
49F0A680BC4A4D818C3549480013BD4E,3.0
4A1D9879B49F4CC48C0B56F4404FDD79,2.0
4A30F0CF881740AF919E69A84A1510C6,3.0
4A4B96E4A0B5496FAF82FD103651405F,4.0
4A9212285E024A8CA11A93E82524835C,3.0
4AA6944E8BB14324946B17702F45E683,2.0
4AAAF30F5B9349E4B8D844AD91FE0336,4.0
4AAF3C2A871D48D48EAF9C1EF9568532,3.0
4AB0A44753C54C48B0C3F735CD088259,2.0
4AB1BEE4C9C94FC3AC5088884F5201FC,3.0
4AC293FED9D04A669A1AC9CC527CBE3A,2.0
4ACCCC9AD4714A4DBE23C0E2A231206B,2.0
4ADE012E62DB4030A7048F4A068417F8,3.0
4AF1EAFCF62B48A9BD8D5FEC43C952D9,3.0
4B0F30768B9348BFA5E23510F3AB32CE,2.0
4B1C935EEAA144189CA53EDF6FE8EC06,3.0
4B3F294D297E460683BA9E2D2E1F7E36,2.0
4B87A84E40A140DAA4CC7AD974458460,4.0
4BB5D0EA2A824B0A8F51B7A32D9A1AA5,3.0
4BE7A45113744C6F978449566D1BD474,3.0
4C1EF4DABA5F458FA960B85F12A52A33,3.0
4C22917B4D5D4F3F85429CD8905C90FE,1.0
4C3D31F7D4E84BDBB9BC4B1657CE24ED,2.0
4C4C4D76144D46538803AC9A0F3E382B,3.0
4C630A217D39499A9F1693F94935560E,3.0
4C906ACB19764635A2683367A6374361,3.0
4CA51D0A8EA34855B72A7BE2F73F2028,3.0
4CDB75421A14494A806C1DF9F3A60BAD,3.0
4CDE5D3489454DE98D5D34E450FCE083,1.0
4CE09503493040F0B389B919B8133C2C,3.0
4CE6CD7ACB434B8D9D58AC7703636736,1.0
4CF7C6642EEC4235857761316394433B,5.0
4D04BBA0A78A4B59A2A7C748065B6ECC,2.0
4D0BA11E880B4647AD38590BDBE2BA8F,3.0
4D3A556FF44841E7A7154213519DBB31,2.0
4D3AFD0BF8EB43E6B871B55C472F6C1C,2.0
4D83E916AC3D4E128DACAC9EFD3DF7FB,3.0
4D8D23549F174F5A9DBC9E67CB1B1056,4.0
4D9EDF961C9F4398AFA4D09CC016CD9C,3.0
4DB697190F6044AEA9A034054552B2E1,3.0
4DCEB1014B8642D7884A601A5BD80E3E,3.0
4DFC84C1210D4007B027F6F5E74E9F45,4.0
4E35795738784CEBBF9BB1EA597556B2,3.0
4E91FC54BEC246139C492F80B060840E,3.0
4EA3683028C04B39B151A1CFE966BD7C,3.0
4EAB4046C33140B598498E98EFF79369,3.0
4EC885F838D2405E94596A6944A5C704,5.0
4ECCC073A845416680A6078E5A14A8F7,2.0
4EE80CA4B844474C9F94F5FB23DFAE1C,4.0
4EFF0C55886D4D5DB373C46B17F00B30,3.0
4F1063188F12436C938D96CFE22D8287,1.0
4F666DDEF59140568082EC4FB22FF502,4.0
4F998834F4BE476D82745B47B37BC26E,3.0
4FD7A262FF36449D84BEB4099C05BA90,2.0
4FFB699F02AD448689F60963A443715C,3.0
4FFEF32FA4B54BC992D33735D42C148B,3.0
502060A98610498DBC32348A33A1EE33,2.0
5036969BCA2B46A2AC82367E3F164DBB,4.0
50702036006D4A2EB5A1D51F641BEF19,3.0
507075A75F704910B84D5123EADAD730,3.0
508E8BDD7E264215B7EA211093E30F92,2.0
50D8773068564A54A0FA66EF02C4CBFD,3.0
50E8E993DB1E40B58EB9D70E3FE58C6D,4.0
5105ADD2460247C7905BA2514F5F4F48,3.0
512FED05A72842BF9658B966FBD7F076,2.0
51330BE92DBC45C8BA15922E6002E218,4.0
51B911B72D4E429785C56AAFEC452DDA,3.0
51BAF3A13D6045A19D1357989128175A,3.0
51DA8E3B21E4400596089FC36D816552,3.0
5238D021ADCB4B01A28B831A9B9F9484,3.0
524464AD6DDE49BEB62ACCE6508C82E1,2.0
52599D8AD46D4499ACECA3ABD4047F61,3.0
526173AE1F5440B086459713125547D1,3.0
52E4D7F0CDCC4B2985711DC664B61ECF,3.0
52EF957DF40C48168266092156F5E355,3.0
53161FF5BB2C4DC7900D6DBED0826678,1.0
533AF04CF70C4868BF4C50172A52A5B7,2.0
533DAC5171CB465BB97738A816ABCFBF,2.0
534A67DE7BDD460CAF4E8D786A74515A,3.0
534B5AB2A3B94C5D9C1BF817BB7E602B,2.0
5366A7251E5A41C280D47C8FD2328B43,3.0
53A14B1CCC5249C194B57AEAD5FBBCC2,3.0
53AEB0EBFB3B4C24A634F1B7C7285E25,4.0
53BE6A9FC3C846F58424DF7D57A99C2B,3.0
53E6FFB88A9D490DA1D270360AE0D622,3.0
540FD707F74546DA9DBBABEA2F8236E1,2.0
5465CFB035C048D5B6B2170FA69529A1,3.0
54A25FCA1B244C939438C3BB0450C353,3.0
54B9F370C90B45C09BEF11B7F18EA8BF,2.0
54E698132D0F45B992E0BBAABE0228BE,3.0
5541C9843ED54076B4CF581033B51652,3.0
55613BD4C71E44DF83C415B64BBDEB2A,3.0
55912A06C0AA4158A236C973A49E6C0E,3.0
55AD4C5714D94B54863A6AB83BA23894,1.0
56415A154B41487E945BBCAF9DA12E73,2.0
5645F0F9A19B4B3183CEA4707EE8925C,3.0
56647D3891874E3A899306B37A075DA4,3.0
56BBEE1F87854686AE261F9660BCD457,3.0
56CB432C701E4ECBB4D42F66DD2E97A6,2.0
56CBA0A59C2E46379B381905BA0A2C3B,3.0
570A79223DE94C3594D36A95E8F33281,3.0
5715B3A2F0AD44F08DF2B30923AEAFEB,1.0
573A511F66284279B70754406ED46949,3.0
57493A2EE0D5490CAC50BB726D68336F,4.0
5751F20D33A744DAAB41F12DC4D3DA19,2.0
5771BBE6465940CA82548F137A6790D9,1.0
57C8D31840664B69984E1706B32B0209,3.0
57D16FF618E449028084875C941CEC52,2.0
57D7A9DFA64642FC8C144B58D6DA877A,3.0
58044DE6551C44B1B837C00135980489,3.0
583B48DB907C40209E1A17E7E6700800,2.0
584D291484C84636A034BA28C614B0B9,3.0
590080F1D7C744C498F968F0B6DCD02A,3.0
5911B1A9AE6D4E3388B295D078B7F49A,3.0
59229E3D9ED64857A88F33900B6BCC5B,3.0
593BE2793EB845229B56916EAF2B00D7,3.0
59BB9CFA7B324787B8C33B3720507929,3.0
59C10E4230D4445983B0D3CD5E0A8912,3.0
59C69B82B2D94F9CA5CE51EED21B1ABA,3.0
59F3FD3917B349429ACF28270C442770,2.0
5A1CDA8FF6BC41E69FE2314942CD7FC7,2.0
5A1F20D06AE74E2F873BA6161A598FA7,3.0
5A606E625C384C9AB48B2DE67C6DEED5,3.0
5AA0D8820B684BDCB0B9D1585467496B,1.0
5AFEAFE264F24D3EA78E7EB2B6065CF7,3.0
5B51C2E3CF214D3298BEEBCCE99B63F4,2.0
5B79EA16AAD94BC0A2D61C66DCB43AEA,2.0
5B97A2F49B9A4249879238C1E5173672,2.0
5BAB0A1BA15A465CB8D7448D7AA9E8FE,3.0
5C3EE13759464E0CA9594B9696FDC765,3.0
5C4CFCDF55C9401EA3009A8BDE811A8C,3.0
5C513C62DEBA4EF2B60DAD7F655A9E45,3.0
5C52973B5B3B4ADBB75D2CE067025860,3.0
5C533D9DF36844478DCFDC802EA665AE,3.0
5CB76BED4B3A4DC586B042B85960FE14,3.0
5CC2AFA206C148919C5CAFA49031A44B,3.0
5D2CE03DE0E64C7DA82F6324EEB87A25,3.0
5D55013225A54F5A8745AE3A372BF78F,3.0
5D5917F78B504228B24E7BA1D4AE2633,2.0
5D86BC7D233C4407AB4E55D5C3DD523F,2.0
5DB6C3B12B1E4D378B26B10FF3534584,4.0
5DD2BC59FC1D4DE0BAF5724904132C0A,3.0
5DDFB19028B54F328E83BBE1718CD271,3.0
5E8EDCB5AB1046B89CD5DF23047826B1,4.0
5EAE41980252458DBC27352875AEC7C3,2.0
5EDC44AB316B44EEA5DA815741C08256,4.0
5F682FEBF7734066A6A103D768C411EF,3.0
5FE7F4F5F60A49A58BFF4FC6CF8A47EC,4.0
5FFB8757456B4C0BA2615EBF53D6BB32,2.0
600F030B71AC49A8BA01FA78090204A8,3.0
602AA0DCAE284BD69C0068157CA215EB,3.0
606ECA7ADFD54A03AE5ADAF318F02188,1.0
6071D09787B54E07879D8BD9782B2341,2.0
60856E062F414C12B61CF038BAE82A05,2.0
6092417075EB44E7A6C8B48F9A6CFB4B,3.0
60B73241C8734F38B3430D2A359AAA9C,3.0
60BE0FA99CE245A38F9EC8259A527829,3.0
60DBD443B4F34727A4CEF8C20CA5D6E0,3.0
60F72E2264D244679C4CD3ADCFC6F542,2.0
611A51924AB54625A816396B23C10A89,1.0
613B580C07A84D71B6651F80429494CB,3.0
6193BC2038F140ACBECF7B442E1AFA46,3.0
61E3A7AB87CA46758367DA75D701DCD6,2.0
62AA33CD5DF341409E259838FB9FE08C,3.0
62BB4C3041A04D078588FE8C8DC40E3D,2.0
62E1F065767E4EAD8EB1D6A8558C841C,3.0
62EB20B81A284D258F50A30241CFFF86,3.0
62F23E4044A846CFB4593062A041FFD7,4.0
62F502ACB89E4CE288F05BFD3BE0DABA,3.0
630187E343104A0792CFA87A741EC609,3.0
631EE9CF36BB403BA9554D986D6AADD1,3.0
6351F748534242D4BFC6E28BB8D8C5A4,3.0
635F276053E3445AB8DF36CDB529E2F6,3.0
637E830FAEF14861B07D92540AA41034,2.0
63B82373A85547C59094EDDFEEC81854,3.0
63C8A656B86F473DA6DE348878143E98,3.0
63DCABB5DD564D649AC725FE35B059BF,3.0
63EA528A87D94505AE02841B19E75EA8,3.0
63F399204284405BAE816F3F4048A19E,3.0
6425464B6A9045C5A4E1FB95E0CBD00E,3.0
64457AEAA1EA4A1F849325F6B1AF5B97,2.0
644D1FF591F34676BE8BA385E201561E,3.0
64EDBD3261B141C5933E6260A6E382A2,2.0
64F3764E4DD94B1C95E1E28CE1EC8095,2.0
64F6E2F3CD7A439380E288DA3E2F5E91,3.0
651313FAF42F4ECAADDD8E61FF3ADDB2,3.0
6561D0B6536D4611BF525FD5ABFB011D,3.0
6595CE9F883840DEB90CD51D36DD59F3,4.0
65A8103839D64838AB3E4BF2319E81FA,3.0
65F9D4592C174BD39829942508A82DDA,3.0
662F1C5700C64333AEB98D53170569F1,3.0
66373272E90C45208AF0CF76BFC68628,3.0
6666A4FCD3E74567B821EE5C649CDB12,3.0
668703D4C675497BA09AE5588BDC518B,3.0
66A13C4BA8E440C7AC6A56618803516B,3.0
66AC8445BBD340BB927F66ED30F1DF88,1.0
66D203BE245D44F68D82D5421434275B,4.0
67072977C58740A19253F4B13879300D,3.0
6711199FA4D04ADEB76371B1A3F1CE50,3.0
673A14EAE89F49948353E7F92E4BDDB2,3.0
6744FFB1930346628868207FA394E387,3.0
67550B0A8CC84323BF8A30B2D0D33B6B,3.0
67584B64014842B8B5C7A7F82BEACE16,4.0
6759C9180A254756AFAA44CED4A84688,1.0
676B796962454B5B82D5A865EB7DB888,3.0
6778342ED1F24648979027CC75E771D0,3.0
677FD744366942D08F1D27A7C43844F7,3.0
67947FB48B8E4A06A33B71A6A01F0E78,3.0
67B45DC549E84E40A8DA9B55BB090663,2.0
67E25F432F7C4616B1C4045D9BE8AA37,4.0
67F79D2CE9BA4DF9B9A4A09E064F8980,3.0
68120B46CB69461497F320EBEBAAFBBA,3.0
681DA7A2B9EE486B9EC77A10350C0E30,3.0
683653B3F286428A99ED4EDB2ABA6081,3.0
6856D29CC0AD487CA557F138AC7F9B4A,3.0
6864950F4F7141E584E08BE9C5C40C08,3.0
687F973AA6704371AE379FDF57EDF829,3.0
68979266D30D4730AA8E08AAD33DC62A,1.0
690756D2BCB5447CB4D81CB828477C18,3.0
691D0768874740D2AD373C0BF175962E,2.0
6932152018164CFBBE74613822660F93,3.0
6950DD7A06E3421BA91745B20FCE63A7,2.0
6977D45C374747D3AE4F6A8EFC5CA4A2,3.0
697B7145E01F4B1DAC79AEF09D4043C9,3.0
69BDBA2270DB4E12BBD674F598D617C2,4.0
69EF627706AB4EDD8A60298BB67C21DD,2.0
6A06B6F8B27C480A96A7AAD9879B484D,2.0
6A0A586FB05F420A841FBC8DEA128215,1.0
6A114C41A97F4884923B907488FFB200,3.0
6A2F5883EA93483B96CFC67AF03EB821,2.0
6ADDB587691442DABBCF72C13B1A5AF2,3.0
6B133EBA6A164322B2B53CED8B923C7E,2.0
6B3DF04DE00E4796B85EB4E757CC08C8,3.0
6B47E2EA342F4CE99F0CCCDEB4ADD654,2.0
6B66C8A64DC34D9EB5830C3D572B7849,4.0
6B86D53EB3DD41AF9B985BC509063665,1.0
6BA36FDE963A4CD6A64606F09AD8A788,2.0
6BC32F1FA1A54DF6BD812888AB6D2B42,1.0
6BE3DA06F4D942F5A730CBD421A304C1,3.0
6BE4FAF3EE8849D8859640F479F0B04E,3.0
6BE9FFE193DF45F2944F621B45D12B29,3.0
6C0D8E38376245E689026BC1C36808A6,3.0
6C4705349C04430BA532B3A0C3078C85,4.0
6C4AF62E16584F91A4659E18F83A2553,1.0
6C7821FF1EB14921AF10C25B00D8ACD5,2.0
6C7FC329ADB74544A11ED5AAEE514656,3.0
6C878AE5E0E3432AB7D4E8CE62290944,2.0
6C9688FB50C64547B0B7FDA17D76C4DB,1.0
6CA88E76BFF947E79CDBF0703EBF5D12,3.0
6CB68DA1AE894B6C92D61002A8E24051,2.0
6CF8EA6BE2114D349EF14A42D3F4B331,1.0
6D1184B973EE42BBA25592B2989F2B29,4.0
6DD20CB5D41D45E699C146DEED02CF9C,4.0
6DF4BAC26DEE4F9FA7C0B8D08891B590,2.0
6E0367BA55F44017BAF95B665EF7560C,3.0
6E0B7DD526DD43EC97535E4BE23DAB9B,3.0
6E11F1F8B0494CC78EDD4CE23EBB73DA,4.0
6E1376F5DCBE4F4EB75BF2775CE25FE6,3.0
6E326A48770148549E12278B48A5DC99,3.0
6E33511650414D8D89EB66E55518885F,3.0
6E3A03867B2B4C4983280147690FD4AA,1.0
6E5406600D764059BC155B26FCA4AF8D,3.0
6E6AAED847594D3187EF99031E5F551E,3.0
6E865AC43A234CE6BDF0B6F9FD471BF3,2.0
6F0392DB16EA48B6AE71270E93CDB329,3.0
6F14030C39164461949CC58F3ECC38BE,3.0
6F51CFD6C3F54FADBF2DCCD1AF3643C2,3.0
6F5EF30ABB79457B904A327D5B67F478,3.0
6F706F2595B047AFA630CB2893B7D955,3.0
6F8CA1FDA43B4C5DAC8A31E6AB1FA7AF,2.0
6FB40C2DB4FE416097B825ACC27076AD,2.0
6FBF90E1E0754CAC9CA62BF4C91719D5,4.0
6FC8303435C340F6A79BADC8A136FF79,3.0
6FD41A8A1620416695916AF250ADA33E,3.0
6FE037261F7046799B4F6347E317EFAB,2.0
6FE3E7209DA943E3A29F83EAF4CE4639,3.0
7023CD303E094FE9B785377B92248313,3.0
702AD9FA5D3B470F85A3090825AB0686,2.0
7035EB625E24442B908157408E655E3B,3.0
704649DC3E254F468E9C24763DC05289,2.0
7046F00D82DA45AC84BF5D8BEB48D816,3.0
705B43B318C6416F955499F3821C88CE,3.0
7078BB7021844B8F80161C1E64B7DFFB,3.0
708EB2F14A9F4DB7BDD32840F596A760,4.0
709E62199848439C88C689809C832E42,2.0
70A6B605610E409A953B24FDBCD34EC8,2.0
70F6446B9A6E42839BC5E50E5C69E657,3.0
711534EEB4C143F293921AD2A132A56A,3.0
713B12E33399403AA322D5FC09E7DBD8,2.0
7180B07AA96D4BF5ACEA7A54AD4A7D07,3.0
718C02EEBD6F495698710BC7337CF346,3.0
71AEE38C92B24C568F612B9014229FF4,3.0
71DE16EDC599481F8D8E6B3505295D13,3.0
7212A11FA0C24EB0B7E4CAEEF6A4363B,1.0
72625F9F71494838B04C5ED98C41347B,3.0
7265A1BB9EB046CAA0DB816A0FCEA926,2.0
7278105B2E864CD58A3F295271E82212,4.0
727B05A651684630A9CDD327BE702D63,3.0
727E90A6EC6A4C15B528D4E11CCB044B,3.0
72BAFE6C8D9D444CADE96D4DED3E53D2,2.0
72E5ECFD90DE49E19E166A6D4EEE2C27,3.0
72F55388180D41F8AF19F28CFE138433,2.0
72FA9C6241E348578734E2AA95DE8595,3.0
732D43E0FBB84EAFBAFB768ACE9078B5,3.0
732DA4FE7BC640B19351B870E73F6C5C,2.0
733D7662A52B4FE1BFF36A6769774315,3.0
73749B678BEB495C81718F0A68FBDA53,3.0
73974A002C81435DA1140346A75BDA17,3.0
7399B6BD32704C6DA0F3C3E4370845BE,2.0
73B04382C0A34AC0958E4F242940D4EA,3.0
73BEFB2ABF5F4F6C9C186D1D9C4DB9B1,3.0
73ED6B66D52647F680D4AE090CABE3C3,3.0
73FBB1DAA92949E39B087605F1BAE670,3.0
740A1E364D754D8D837DAE1CBB37DE27,3.0
741D39B905E041D38944FF802CA6CE20,2.0
747B8A229C9244B486F98788B18B3149,3.0
74901D2ADE564603BE59D28A55952B5C,3.0
74AF200637384EC79071D83472997B5B,2.0
74B1F894FE6B46679D47924AB2CD5C2A,3.0
755C7C5CE4484172AE56E660292E151F,3.0
7575F52613384629B721CACB16DD3E1C,2.0
75AFFF18D0E546D8B36069CC2A739872,3.0
75B7E17B71B840568DF71AE43662AD2D,3.0
75BBCD78FEAA437AAD80280A70DC6B8C,1.0
75EC7F595C7C49CAA74840B4B441AFEC,3.0
763C34E3F4AA4ECB88CEF7B708B9A6CC,2.0
7663257DEC16401182D351BFB670F683,4.0
767A9862218E4A03B23B051FDB8AA989,3.0
7690A28E51994CA7A219E02E28DC227B,3.0
7694FFAEE26C4CCCA60878E6CF5C72C1,2.0
76A65F3D304A4BCD8EC4ACEAC05BED01,3.0
76B0C2F3E59A4260A60FB3B507F1D716,1.0
7718C1E05E4648C7840BBCEC85698BE1,1.0
773066ECB34941C19E28DB1738CE1E78,3.0
773C255497DB4256A531A27267DE43FB,3.0
7763CA82E22E444B9B47E70C70D8EC14,3.0
776435FD31304C318DE896E0657127C2,2.0
77644632FA70436A90BCF765EBE6C09B,3.0
7776FDF26EFC462B9BC79657AD22DEBE,3.0
77E6866361B84BD3ADE2E4AEBEAE5C3E,3.0
782AD18C8F354036A8D29613A93CE3AB,3.0
7836758F39C84B038E2BD81987FB827F,3.0
7837F092ABDB4696B653011B7481CCF5,2.0
784607F2578A4DC298BF4146345D8433,1.0
787C289EDC204DF286EFE9EAE98551E4,2.0
7888A2429F784143A381F03582A8DC5E,3.0
7890C21B9F2E4EC092E4CDD3E19DBA78,3.0
7895F829DA594283900D9E61EC1A4B8E,3.0
78B8260DF00845409EAA25A19A32D983,3.0
78BB286ED6CC4625BF555BC647AF25CE,2.0
78E1648616D146B6A8097CD444A6B41B,3.0
78E25BF1A201483DB939F1A786124CEB,2.0
7924E5B4A3934D72ACBCF2676CF4678B,2.0
793BBA17C5924CF9BE7BFE71DC640818,3.0
79462987E07B4569998A0A5A882D1B98,1.0
79493AC9CFBD4A36962E51A5ACA4BD64,4.0
79B12F5EF43345FCA2410457E5ABCE52,4.0
7A1D8D84DD8F4FA89CB12BBE9D1E4432,3.0
7A1FB2140549403990895E162B8D070A,3.0
7A46D502FF3946B5A6AF85FAD7F5773C,3.0
7A86A53CB04B4A4D99DDF2670A5A822B,3.0
7A900E127913497B825273240834AAA0,2.0
7AA5D7F9AF35472E837F786C28F0AE01,3.0
7AD2281E53434F05AB9B915D29D9883A,3.0
7B18305834694FFAA1CA319D23E87B25,3.0
7B4017F0546B4E23850D17D0EDF54519,3.0
7B455B9CF1E245439F592B564E34F8F5,3.0
7B88E76B967A44E8A2A5EF73DC2F79C8,3.0
7BF28405E4C7444E9857CDF691341437,1.0
7C07D541967B4795BBA72544A7714B1E,3.0
7C265F1A2EA549C5998E71602D5561E3,1.0
7C3EE43422584C66B0831357DDC27618,2.0
7C504BD4C331429F811D40652C0B1EC1,3.0
7C6F5E9BF9FF4C3A90414DFA65351049,2.0
7C8A56A890E14F8E878D31875BFFEF87,2.0
7C998485827347399AD3E184F7F114E7,1.0
7CE0FB3B651540BB9FE766417C01C839,4.0
7CF9BDBEF5A8487E9059DF7AEDC12B6A,3.0
7D2AA6C9DCAB4434A73654D7866D56DA,2.0
7D7CA2D94591449098E71AB39C3E0E71,3.0
7DB64DBD8D2840CCB78F873E5D2B55DB,3.0
7DC65AC76B9B4F98A50C562D0866969E,1.0
7DDAC1BACC9B435E9BFD6544CBFCABEC,1.0
7DEC8D6D874346979B9E1FE65E2A5F30,3.0
7E37D98AA76941A59E055FF280EF504A,5.0
7E553EDCD9C949A984A200B0681A8B0B,2.0
7E960798CC674DBD9E28A300CE3419EB,3.0
7EEDCA69773649809EE88FA909C4F973,3.0
7EF487B133D14734AA3EF827FC7E6BB3,4.0
7F24091345074A438184B9AA8F4D18A6,3.0
7F79F8F0F2D9427EB682EDEC690E2C13,4.0
7FBBC730E8B94FEA846B5DC6BE801AFA,3.0
7FBD9C78131B4705A584D9AE47A72229,3.0
7FC54A2BBBA844EC88AC2A5565845AC7,3.0
7FDF352B782E459BAF0DE7DA57B022D6,3.0
7FE57D69C1494880853DE2F113880788,3.0
80081D7910DD4C43A24C4A813E39DD54,2.0
80B46D6DFD4040AC85642BA950218BC1,2.0
80BEB9021DBA46EF84D800A39846306F,1.0
80C959EEBA3244619D364FBC8AE05F5D,2.0
80F73BDF637441C68134824003DD8D40,1.0
813F881994E84DA49C950B35091E3730,2.0
81486148A74D4899889C861CDC117864,3.0
814D749030154C1481BAA62204BC0693,3.0
8175B21300A54FF3978ECD6D50130295,3.0
819D94F205F74F23B5F6D8547801AA9D,3.0
81BFA6DB2AEA4A3BB089E04822014D27,1.0
81F5E0F9AFFD459E822FB7EBA7FF02BA,3.0
82025E5001EB470EB99243F3155A1344,3.0
821875A191014AC7AE9FC875C9699BDD,3.0
82223D25FBC24443AE7FCEE2B59B60DF,2.0
8224EFD1CEC1438FBE59C0CDF9BB6981,2.0
82450589A0E445889F9B2CC311989574,3.0
825625E572134E228B96C7B46F6CDF57,3.0
827F6378F7DC477FB1FE1B32A45AC7E6,3.0
828E2A52D0464DA7A578F8E46E3DACCB,4.0
82AE6AD1BE4D41389B59F5A165F97E30,3.0
82B6FC8426614076B7499C59D9A5C59D,4.0
82BA3A2C573D4AE9A92DC8BF231C4322,1.0
82D88B29D40F4C5A910237120499A0A7,3.0
8309B0628D0E466ABE7663511239FE10,3.0
8321302CECA448C6A436AC96834C0528,3.0
8344B8C5451E4B6A8D0EB1E07DAB6163,3.0
83499359DA8445C58593880B7BD1935D,3.0
83BB23672EBF4BCC970A7B94B54AA55E,4.0
83CA2776D2934623BE848D3E52447CE9,3.0
83FFDFF45A60445B930C6A2FF0D3F69A,3.0
84373C107EBA4DD99447D4DAE65FFDE9,3.0
847EDB8FF83E45CAA73B381F383D67F4,4.0
848EEB79FC8147A2880C54BF6D9DBE04,4.0
84A4B2D8CD2048A6991AAD0045C8CED7,4.0
84ABA52DD5554EADB49B0DF41C5EB4B6,3.0
84EF3A4660034354B098DECA683C4357,3.0
850C0EDA29184C91AD3E069BFF8C617D,3.0
852E88BD323C47909556DE967C1B704C,2.0
85364190604C4998AE9892A92449CB28,3.0
8543FF72CA7647D2ACDAD493AD5EF6F4,4.0
85493123E543447A9BFA4F4A0CC1FA5B,3.0
8598208A9C454A6393CC0777FB32C48C,3.0
85B3E3D7A422419980B16A7BFC3595AE,1.0
85B5D11D37FE42EAB19201577086AE81,2.0
85DDE07013CC43B083117014A898A92C,2.0
861640C6D55A4AC896D8A9C6A467EF6D,3.0
8629D06659DE40C28BECB6CC28781A86,3.0
86499D1E389048D9A2D90F4F00F5FE92,2.0
868FBA41BEAB45E39746C28BA1CCD974,3.0
87069934C8434F71815DE509A59732F9,3.0
87119B5094154CF091E8ADA1911D02A5,3.0
87950366290846B892B9AF4559FCD9E2,3.0
87BAD4F8C1E04124B7B34948449D58EA,3.0
881A4ED574D94C9CA491782966BA959E,3.0
8895A89D6E824750B468DF8AB4441523,2.0
88C36013A3DD4B3DACE88D3FF7F5FF58,1.0
88C94A3623874F05ADBEE16B25EF1BB1,3.0
88D3CCCAE163463FBC160586C7EEDFAD,2.0
88FBEB181E4A4E2BA3D8AA6A844F9DC5,3.0
890CBF3CA63F45759239A87AA382B156,5.0
893B9670E5584FAA909B9A83E776A259,3.0
896A712B60BB4BD1A92A9449A49BBF49,3.0
89C2E23455064455A6E568BB7338F0C2,3.0
89E7C851721F49EDB210B9C6E60729E4,3.0
8A13F40B3189462D988B9DE1480DD3EB,3.0
8A57986CDDE54B6DA9725EE57FE00DBA,3.0
8A6F2775C822488FA7FFE2FF5E4B7924,3.0
8A7803DC27D84078A2E22EAF8DA04494,1.0
8A80D810AEC9417182FE48E0D8C344F2,3.0
8A9A3D65205841628819937CCA6EE91A,3.0
8AA3A2F9DF504339A83EA2DE6E11CA91,3.0
8AB7C5A75D7E4ED4964B0CD3F8F24048,3.0
8ABA35BE4FF24A6DAE895F3CDFE22BDA,3.0
8AE9EE0403CB422FB565A71A0FE7650C,3.0
8B61C758D3E14957BD22BC6B6EB9E98D,3.0
8B785457067D4D2B956985B8ED4C8115,3.0
8B822C2A61FA4C5DA9F099314432ACE1,2.0
8C39929352A541099828BECAD3A29C7E,3.0
8C79F1BB0483431EAB195C8EE5B76DC9,4.0
8C9D4AFD3320423EBA99BE2769FE2C62,4.0
8CB11E214EC74ED285790267A0CC6244,3.0
8CB4783FC18B4A3FB135F624FF83B33A,3.0
8CCE2DE32CF64F3FAF94FE80548911BB,3.0
8CEF6F2D5942438ABF5D94BF0E4D4E56,2.0
8D134F802E6B4C5DA12879700DCB92A1,3.0
8D491C4D44874C3DB2C6D1BC89C08B16,3.0
8D74129C02A241868EC2B680CB6D9A5F,1.0
8DBA5185ADFB41CA85F7D53B55493848,2.0
8DC6177071934591808625858B7E0260,3.0
8DF117383F534E7F9CA0375B70B0371C,3.0
8DFA07C880FC4350BCAE8401C5098747,3.0
8E1435916D7244DF8553E028E58C1F9B,3.0
8E2474F56D8F426F800DAEB5F192BD1E,3.0
8E27A75C1D0A47EB83866F75F0AFCA3F,2.0
8E4CBDBC8DCD47B89F0EB46BFB2F9DEA,2.0
8E4EA259E4C44C1BB9C745AD6C3F5957,3.0
8E64D0D211FE4C73817E2854AFC6B4B1,2.0
8E6FE1C016D0445DB6177AB867706FDB,3.0
8E89073F21DF406A8A6639F1147B8FFB,3.0
8E8BC26DC0B74D72BEA975D5E528F268,4.0
8E8EF0EC9F264A9FBE87F6A2D7EF0ACD,3.0
8ED6F7996DDC4D52B102F96AE4670CAA,4.0
8ED709444ECE49CC96DD19F1144F60F6,3.0
8F3C5B71E1134358848BA1C97F575BA3,3.0
8F60D57CB25948A7A7E8054E621D7571,3.0
8F7BDD5083354A5FA89D37B5298507DC,3.0
8F82CFB81816466F8D7D50C10C88C52E,4.0
8FD7167920D348019693B451EE993DB6,4.0
8FDB4436C83A472D9C703368E81AC551,3.0
8FF4E93AECD743C481BB827E6440F927,3.0
902F86C6312840469A66DC4BA9824724,2.0
90651E15BDBD4A75AC9891E121CECAB4,3.0
906DB4F6D9734AF08B4D5BFCBD5E51B5,3.0
909BFE956ADC48A2A948EA9F5109CCCA,3.0
90A44E55BBC8463B959B89AD82DC9259,3.0
90F65F16B2EA487AB6EBE2AD21AB2036,3.0
911CEBE379F04DB68758A3FA9418973B,3.0
9171C9EEC35A470BBE4FF0533D004B28,4.0
918C01F6D24B4251AC12A585D5D8A19C,3.0
918F9C7994294FE7AAEB36C61FD3F716,3.0
919B02BFDADA46E886B09BB34DE9F2FB,3.0
91C0FA8E9A5046EE8D508A930C2E5552,3.0
91CA8FDCE50D43BEBCE6804F08FFD1B3,3.0
924AF4F85C9147C1AB35CA01CE1BE33B,3.0
9255B5EDC2334D68A2EB460FB50BD6AD,3.0
92800AB0E7A240A08354F6D7C361FB87,5.0
928123C177764C5EBCE7B8FC8BA21F35,1.0
9285B6E0319947F998FEC287C5835151,1.0
92B251F0330B4389B55BDC4D6C3EDF72,3.0
92BED895C8B04F5097FDA0CB3473532C,2.0
92C0BB379B334A7D999F827583FB5AFC,3.0
92F5FA73A8F04785AD96972AD474194A,3.0
9315995873EA4610B492459EA7C829A0,3.0
933B0BF5947B47318D61274487918645,2.0
93A410F441A54BA1B25CA56C8974C7D1,3.0
93D455B5415B479DAFFCE6C26C0BEC91,3.0
9404FA0A816C42A8A1E9DD4FD0AD497C,1.0
9408DCC26487449C837F24FFAB62628C,3.0
941C07C7A2B847ADAF39196E22F605D2,5.0
9445D0F623B24DD7AD9FAD3E9BD82B8A,3.0
94544A63C0E34D93BD1CA885C0D0D0A1,2.0
94CA0D76608149DBB7427C52B0429A86,2.0
95054BBAD8F844C8840440AAD9CC2907,2.0
9505582261B746E88F21D80882774393,3.0
953F0E88A63E4974A796294BE1B9228C,1.0
956E57830C984E7C969B07E474092B7E,3.0
959D119501A8421193B805DEF6F6167F,3.0
95B0EA0BAE8C48B49846E68DA092C38A,2.0
95EC76E91FDC40EA86580067D1D9773B,2.0
95F4CA32339242059670CE56F6865B44,3.0
961E7957998344EEB0A96EF70CDDACE9,2.0
9635703152A34B49B91B9C4F91CB6E12,3.0
964A3AF0A91F4824B5E04AE14E945EDB,3.0
96660CDCD4F0448DB7D77EA116E2A2A8,2.0
96824F311E8C41308F5FFAFE389931D1,3.0
9692679B65FF4C4B9040BC938BDD2042,4.0
9696FCC6AC3345178BE1523A37625CB2,3.0
969723714B1C4E13980088E601855790,3.0
9699036197734B979386DB4245EA24CA,3.0
969B0BA39CF74369A599117D2122E4D4,2.0
96CFE18C2D71495597FAEDED800F21AD,4.0
9702C5138CDA4FC0AB5818B46369B1FF,3.0
97181789BE4A4C4B8A1B8C3451398B21,2.0
971EA2EA6F5148F4B49D71C60242DEFE,3.0
97307800D49C494BB554282F64743A52,3.0
9763B7167A6F4C5A920EFEE8C1E89905,2.0
9777F5E6D87C48A6A97B04780A49FA49,2.0
9782EF42CC904AB58E6E5297A35D616C,2.0
97E3256B78254ADB8BBA2A8C58A1A9F3,3.0
982D87BF6D58455181C094D378B6A11A,2.0
98A98368B1044ACAAD74A1B950F1A70D,3.0
98B5E42FE2DB421E87850A708B590B36,3.0
98CEBB245CC64B34B95712FED358D4C0,3.0
98D94B38C6634E36BFF9FD4BCD40BB0B,4.0
98F1F2ACBEEF441A9A454C5FFDFCCB3B,3.0
98FD1D91B6764AD4B7882ACA18C32F2E,3.0
990168CB21C545CDA55721D102EBEA59,3.0
9920A908C84548B0A954636B95675625,4.0
99240EB9F06E4CC6B3F5071227614076,3.0
993886ED75C4476CB381CC47DC2576D4,5.0
996EC505B93C4829BF22C01ABC94A238,3.0
9970CAA29A03436584D85B9B71AD36C1,3.0
997382169DEE4AF1B627AC91F75865C6,3.0
997DEAA56BED4CD6B4C52F894490AA7C,4.0
99A1BA09109D44898786604C0F4F3D9C,3.0
99B03A25695346E59A0AA5274C008575,3.0
99C27F4A4E504014B507AF6CAF3BACF6,3.0
9A0A124A72D142888B2ABE63A3BE6FC6,4.0
9A3190D071274E3080BAC80234362118,3.0
9A5B731873534EC5ADF37FC60ED9842E,4.0
9AC4FC2FA4DA4293926F3F99909A12A8,2.0
9AD0C4D99F6C493A9F9DB7A60B1F3295,3.0
9AE653AC9D644EDDB5A7D9E511F3BDC5,1.0
9AEBDB0B2B1240AD95D900660DEBD25E,3.0
9AFE06CB3A284D8F819E3C9262AB5545,3.0
9B761B849D674C2D9B7824E232B95E8A,2.0
9B9C14A8482F4C27B3DB6EBEF7149B29,3.0
9BC4F648BF014D19B752E6F50CC82367,3.0
9C10DB6E2C624CDCAD168E0D69613ED8,3.0
9C4DB794FAC8413296A8DCAF46779B3C,3.0
9C83E0FF26FD471993D8C4042C8905BD,2.0
9C8D43F6B1714B2DA34A6D7FC81BB676,3.0
9D17585F39C74D1F8634E8604728D5A1,3.0
9D3CC2A0CD0E4D41BBC962D772887420,1.0
9D6A8DABA9064A83972F7F55B2FE8D85,3.0
9D77BFB713434C959919E681D5AA3E24,2.0
9DD69F6D8F5148429E16D457B9711026,3.0
9DF0D8F6557749E19A6908681C71A23B,4.0
9DF7995187DD4E119D89B125B87040B3,1.0
9E05B9ED35784C4098AE0B7C11AFF922,3.0
9E119F6D0C0F499F971DA34AC8872E36,4.0
9E1F7934ABEE4FB2BEA4E8B4C7624604,3.0
9E4CECA800E84A6CB0CA9BAE81C8D9DD,3.0
9E550A5C2D564713B92461A1D4D37F98,3.0
9E7674721CFE43FB93C752065AC75389,2.0
9E9C3AE130BC4F88B6B8FFD22670F65C,4.0
9EFEB9D613A14CADBE12FE3254EB7E7F,3.0
9F386406929B4EF8B7C2BCDB0F2349B1,3.0
9F4AEF776B4B44B885B139915133CC2A,1.0
9F739CC6515B4361809595367FBBF73D,4.0
9FA3BFE6B96E40248E7499F0580672C7,1.0
9FC9F5CDEA05414EAA6D5EE662A4FB96,3.0
9FFD3561FAA94952823394751D690258,3.0
A0307428D08D428BAB4BC287ECD26510,3.0
A055219D52444F70ACDE2167B824AA8C,3.0
A0CE912FD1AE4C0D943C9E6C1760EAAD,3.0
A0DAB917E0F04DFFB9E0A1022D85A0D2,3.0
A1119BD1320B45F59179DEA87F5E7772,3.0
A13E44653102443887FEF6AACB30DCC3,1.0
A1772D0777B24AE18FB40F185CE9F3D5,2.0
A18B470CC5C54875B523705FEEB60E6B,4.0
A1BBA87EE7B64137977CA64A94B2609A,3.0
A2243BDA2F7746DAA622C12DC04CF070,3.0
A23F066F620E43BEA19A4CEE69F2D9EB,1.0
A24ACAAB80104AE2A3AE474A2423D03E,3.0
A2587686018146E29C9C52D623BD1F9E,2.0
A25B2B08DF8D4469AA2A69B0FD3578C1,3.0
A266CB127F334F06A9AC44BE869D05AC,3.0
A298719289AA4077A7DBEF7A706F2992,3.0
A29E243C916A45308C8FCD1BBBC2385E,3.0
A2A246CDC1B2414EAABCE3202019AA37,1.0
A2E119E9A6D245F3B722B2E14697DB8E,1.0
A2EA82BEFEC4453EA0117E2828EC9951,3.0
A2F30B4B654D4C728139658DFB134E8F,3.0
A313FDAFDBD44A68A189E03957931BAB,3.0
A3225197A57D498187805738CB466F18,2.0
A36B7DAB135D4B22B72B4DF48923F0E9,1.0
A3E390A6EAB545E2A897553845F25277,3.0
A427C8D481CC41A984D69A9F825BB938,1.0
A43A7A98DC4B4362AAA83EE0B8C428D0,3.0
A4598FB416B84B3D8F700C65E26A36AB,3.0
A4ADA066FF774810935F3C4EA5E9A9DB,2.0
A4CD57CECE224E6F8DC4667CFBE2AB48,3.0
A5011544B35548DB816CA9FAD40698D5,2.0
A517C7EC0157476E8A8F155A80F7165B,3.0
A520D8A9BC4C4FB7835074B9D9CAEA5D,3.0
A53DD8EC9F15451EB0EC9375DE080EC1,2.0
A56CD95DD11C4FD19ECEF8F7795F09FD,3.0
A582A73A64A3418C9CBE9F57455BD059,3.0
A584903CF5BD4438BA6EDAE049FC3196,3.0
A58C7AD722694AA5BAE29F3E2AF124CD,1.0
A5C3D32B75AA485E895A9B529561FD78,4.0
A5DD87C51D044489A83F3E76946D583E,3.0
A5FABDA0D17C4C6889441519A4F7A3A8,1.0
A62C0773F31142F0B53DF19F4C6CA35D,3.0
A6356714C84F46FE8395A3E464B92FEC,3.0
A699A5BD5CAF498BB628DCFC0E454DED,2.0
A7136440AEEF4FF1B77B36B47E2DD30D,4.0
A7A066040B0A422C85CBE72EC65C38E0,2.0
A80175495ECA4559B84696A93B7C8E43,3.0
A828D4A37A744DC1A2D13CC549BC11F5,3.0
A86E1DBE95DF4A6F987AE1042DB8DD1A,2.0
A8843C298B384E86BC1FD9BA5DC7CAAC,1.0
A8BF98D2FEF14F869DB98B12ABFFEB66,3.0
A8D6AD6A1BA14F7FAA1321F3284C3D3F,3.0
A8DDC8349ADD49FCA4B3FD170447A9C9,4.0
A9C6357E212B498F806278F81A7EE407,3.0
AA0BF842F70841AC8023503CAAEF6087,2.0
AA175CE8F0784E7C93E27E10F6467F98,3.0
AACF23FB508143C5AF0544B26D0FEF98,3.0
AAD8E8180B9547378454557236AC1735,2.0
AB772762F9A2441E981FE0303F9BAFFE,2.0
AB945BC5BA1848C2BB70C34F087459D0,3.0
ABE7036C1E484A58A30855374D8DE5D4,3.0
ABE9DF866F0047DDB4A5DAD0B421EBE6,2.0
AC343FDB21BB410895E48489901D388B,4.0
AC4CE91271A84AECBB2EC74048AC0C61,2.0
ACD0ECFD5D1041A4B6B8398FA464184D,4.0
ACEE6417B42C4F65AA6EC2158DC8ABEB,3.0
AD1A091CDD424E159440A6E8F0436476,3.0
AD23F1AA083542BEAF2134E72040196A,3.0
AD32990099DD4A2D952760FD939242A6,3.0
AD36BC7CA8EC47B6B462EC3AC7F8031B,3.0
AD3ABD00B3C645A6948AA069F9E50CFE,1.0
AD5993CF4D3C4DCC8A62F2D5EE70755D,2.0
AD5EB6696FC948BAAD07CEA96A935850,3.0
AD6E14E985154BFB980D78884436EA80,3.0
AD8C85DE3B83433E9915124ECE80F49C,3.0
AD9DEF3415E84F8D9D2C64A9899A6F00,5.0
ADB4D8EE454749399DDA880A47960320,3.0
ADBC3B0EB7F54A5AA16C6B3F55EA11D1,3.0
ADE1ADE7F72C41569AC04C700DBB783B,2.0
AE1915713E6D406ABCEED46C89E42282,3.0
AEAA994903A44AFC95BD275ECB1368A8,3.0
AEE012E32FEF4C788251719FB7AD2B45,3.0
AEF1EB7A11EF4AED896D87482DF5FE21,3.0
AF33B9F92D0E4FE591B505C818303CE1,3.0
AF33F003A3A54828BD839D51631828D2,2.0
AF3ADF2DA568403FA08AC9F65ECE5AD3,3.0
AF490B61965E48C18F2E6FA04077A84D,3.0
AF8465E87DA9499CBEFD654929E1917D,3.0
AF863B4198FF48268C5A2CE11C3CE6DC,3.0
AF9CD07A9C5D4C87ACE7FC79680E104F,5.0
AFCEB73B491244FBA313937A1993B4FC,3.0
AFE143F7B97140FEB4E996A689AFCCC8,3.0
B01B3D8B3DEE401F90FF1C5A966EBF88,3.0
B0253FE237AF470A97721F9510913545,3.0
B055CA7C3B4444F4BD5E13EC298695AB,3.0
B05AE666C3B44722AA7FE07B1575E3BA,3.0
B06FF9EAC99243DC9D44461564548A73,3.0
B0816C11EF7D49E887F8D5A820C01CAA,2.0
B0AB5FCE66DD464DADDF35067B4C1744,3.0
B0B432A614AD452297CD57C85B1A2B8D,4.0
B0C3D61517104DBF9A2473C3536EF254,2.0
B0D7A8F91A6A4BF1A96BE72FB8E7FD6B,3.0
B0DE645961FE41D1AE4B437A371FE709,3.0
B0E250FD20A94B4484FF07F9AD38A338,3.0
B0EE0103A9584E619B56C4628C4729DF,1.0
B0F3D828DA0648879DD759D0EBE637EB,2.0
B0F401DF75174AD48F433E2A61AA9BBA,3.0
B107C12A2D5C47719A86DACB66EDFF97,3.0
B1573AE2DAB54008885563B734CB0782,2.0
B157D5CEE1FE433EA49A56AC1EFCDF9B,3.0
B1A06E09C98D4863AA9688D4DE70EF55,1.0
B1EFF1A8A38F4406B19C1E6E96E64A67,3.0
B1F62ECD989D43109011C5236FEE105E,3.0
B20BA3D9617743198C5B18C512F7DFC2,3.0
B227E08701CB4276BCD4FCEC4DA4B4FE,3.0
B2492A6539854CAEB346034B58268516,3.0
B26D1FF1A3254FA2A88215506205B0E9,4.0
B274ECBDD056485581B5AF7440DBFF31,3.0
B2923BDD4947444895D865C09B65DCE7,3.0
B2E407533577470795CC5FCA1FAB1162,3.0
B2E5DC4B1FB045A5B83751A4A3F58FF5,3.0
B30309BB9F074F19AAFAE471FFE2BFFA,3.0
B32D065D50FB4A41BEFB66CEFB5EF832,3.0
B36EC95E8A1141CD87A0A0E402609391,3.0
B3D1E56E0AEE412A9742B1D391812819,3.0
B3D4498EF6CF43BCA0FDB7A1786CE95D,3.0
B3E1275A996043CAA3E259ACDE762CFE,4.0
B401D3A4F7BE443FAC5AEA0AD572589F,4.0
B424F30D3DF94AC6A8318D6C7019D283,3.0
B42980F82ABC4E609E8D69777B61F1BA,2.0
B42FB369B5104E7EAB4BB0866A6F8EBE,3.0
B440FE24A9A64CDFB2C8EC45048EF252,3.0
B46D6931E1F449788B461531C751E516,1.0
B480F8A5265B482CAFB6C133462E2FE6,3.0
B49FFE7A3798495E9CD3B5056A0475E0,1.0
B4AA8B7F825A4D2EA7E39EE97795CFB8,3.0
B4C2801910A4437E86A6FFE31337C252,3.0
B4CF0FA0AAC341E99A4359668D2CE23E,3.0
B4D01A00313E4D948299FF5AB8DCC11E,3.0
B4D757311CD242519B0C288761F32118,3.0
B52463AC7B8C41F996A80DF0856B4E8B,3.0
B558C52EBE3444F08EE7B4928CCE3886,3.0
B5CF7243E14948DB896CB52FE9224E95,1.0
B5D3266828CF4926BA60E8070CDD9E53,2.0
B5EEA43994834610923448E638FDDCBD,3.0
B5FB3C78DA18445992B991AECD386D27,3.0
B6090CF5C59A4B6DA756114F5EC2352C,3.0
B64EF2AD63F842A5875B913646BAE526,2.0
B65EAA4BB3C9434A9CE7A71E7AC08FB2,3.0
B68BD0E6F41A485B82915E7849D16C84,3.0
B6C338ADB8E14962A8A5BB40E2097D33,3.0
B6D37FE8496C4F2A94228003CE3C155E,3.0
B742DBBFBB5B4643AD02DE74302A9B03,3.0
B758D7637663438AB17C0A9F809F254B,2.0
B76EA336606B44CEA4005B8861621321,3.0
B77F18AD392148B0A4F5476480EA6199,3.0
B79D445EB93F49078DD9D1AD49582BD2,3.0
B79F050C4982475DAA8E0C3795F852CE,4.0
B7A5487572E846A383FCCBE8E9167B6C,2.0
B7AEAC2D915E4AF1884D60634FD2C448,3.0
B7F7832409EE4FE1B88415AF2DB17D9E,3.0
B8182E0324BD4CA4AD8774570DDA9BD6,3.0
B8516729E55448099B401A66D91B1AA0,3.0
B88A0C344E0A47DE883251E8A7D573CD,2.0
B894168E847E427A8C94523F7C3FD43B,3.0
B8BB6FC43C0C41839C801FF4BEB7DB02,2.0
B8E75EE288DA421D961AFB74A19F9B56,4.0
B8FF337BCE4E47709305D2A30A3C5F0E,2.0
B90B293930CE4EB4B0BEBA8CB19730D9,3.0
B93CEA7FA0174B73BC00E068526527EE,4.0
B941108E0DEC4FB992D345F210C6EADD,2.0
B943EEA9B392471F89EA13197631BEB0,3.0
B96EBB03B066448BB18D71086DE87111,3.0
B98C5880B2F24E41839CAABAD7DDA18E,4.0
B9F8D13D5FBC4BEBB7BEC0A603E1B61E,2.0
BA13C9F8BDE84BF085C5025BB854177D,3.0
BA778645102B4A70BDBD45A3DE66D667,3.0
BA87EF5AF7CD4863B1401C8500D97F02,3.0
BA8F3020F91340B58A68DCE3713D3864,3.0
BA99EF2BE8D044E298C1D82A48E4E4C7,3.0
BB0F5374BA4C47BBAA6EE579BAC37702,2.0
BB276C4A31E843C78ABD416522D3B5BC,3.0
BB4A114625684DCEBA869E32BA183226,3.0
BB5CA56ED90246A8B95B68F16B61934F,2.0
BB66F8CF81084681AA009BF46F622491,2.0
BB6CC7E39FE141A98BE52FDA214419E2,4.0
BB75D22ECAFA402D8516899F001D10E8,4.0
BBEDFD83A2B14F5190EA7EAB15FE7557,3.0
BBFFDAA771ED419AA79A99E1B94106F6,3.0
BC25365477F3460096FA1E023F8E418E,2.0
BC7635B522B341369D685F7D5225BA5F,2.0
BC83CAE885124BE085D4ABD92EC5A57E,3.0
BC8AA91A1A0D4CFE82ECC7F609FEE325,3.0
BC92BF60913948E999233E63483F9E1D,3.0
BC9E6A6E734741679910D6D1A22E7643,3.0
BCC837FA7C564B9283B43F2C1A6AE32D,3.0
BCD667A58A1A4E25ABF06560EB886583,3.0
BCD84CD14F674899911A26F76CF620A0,3.0
BCE75BF14AD0480292A141E0CC50A717,2.0
BD24C660FA484A599D190651011B27B4,3.0
BD27902CF5B841EBB8B948B6A7CC9B8B,3.0
BD2B9D9C77524887AB53B34B8CA6BCC3,3.0
BD328A277060445EBEFF2477096A0B82,3.0
BD4B04C16C8148498059E69D5084AB44,3.0
BD76FAAD76234B99943F0CF92EBEA383,3.0
BDA08D2E7CCD48268BB7578D7E84D087,2.0
BDCAB2EC78DB441B8988535ED10CB325,3.0
BDCB329DCB0848E996AA11B62AFEECC9,3.0
BDE67C2DF7E34C829465442702DD3ACC,3.0
BE0F1C49B9574D498DF8719A4646347E,3.0
BE2747F319524D8EBA46EBA1941F9DF3,4.0
BE6A4B4F69B84371897C11865196DDB6,3.0
BE7E89A52976411D88B6D3C55D50F94E,3.0
BED5F505203F460BBC0A52533A0F93E0,3.0
BED8600377F04D36A495F97D2C9AF18C,3.0
BEDB2C6421C34A718B280E47C973E806,3.0
BEF221BD24F3446AA29C0534100AF251,3.0
BF1C8DFFFC894528B9774A63D691F1A8,3.0
BF3212246B9A4B0C8524ADBC588162B3,3.0
BF33CCC5C7AE47DD8FF4F83B1C18B843,2.0
BF4EF0FA97D1430FB583CD44795E8670,3.0
BF62AD49624B48068FC7FAC00F8D2632,3.0
BF781B1B7BCE4342BC8444E6A664ADA5,3.0
BF9CB3BA1FA042CAB85F0961DA4ADE5C,2.0
BFB9B3837F744751819DD9ACAD41EA6C,2.0
C046B019247247C7B6EE802E6832E53D,3.0
C052E1B23FE64E4584D00045DD280990,3.0
C083B92DBB7943E3892421A3036F12B9,2.0
C11EF057F35B4900AAA36B0A12F600D5,3.0
C1378E97050A497DA3DC2E05E339DE3E,3.0
C141654FEFB142C58085CD6068C4CF62,3.0
C15175156E3A4ACEA593843725E82A0D,3.0
C1520C3DACAA4C0A896DDC19832C2CB8,3.0
C15FD043802C4D9DA0F26508D89A60F1,3.0
C160C7C6D7154072A4706A222B84796E,3.0
C16D8C6DFB9345708434787CBEAD2A70,2.0
C1CF0EDA238346C28DB4E3A361547E2B,3.0
C1D9EBE50DF14EAF93C8D4F45FBA199A,3.0
C2018F956F2B49F19575F350C793A870,3.0
C20DA5B989DE46AFA8BD9CB8722E5ACC,3.0
C224D9BA716A40C0A4CE798D2E32220B,4.0
C2509F5D39AC4F81B87F537394AC6F52,3.0
C2527D180A8D4FF7B530F2912D56BC45,2.0
C284A9A51A2D4DF78B3FFFA62795D7F6,3.0
C2932169465F46C3B987EC73F583ADA3,3.0
C29428ACD3FB4DE4AD337D9A83D952F8,4.0
C29B3A32B5514CC3A905F7229B6844AA,2.0
C2C8A74EC7434A6F964C947422FF849A,3.0
C33CE5B1CCD24882BDD5C9A3DB370CD9,3.0
C390A2805E154413B51AF1303C4FAF6E,4.0
C3F6E345BD0A463985CCEBA1D3C73835,3.0
C4303A5F65D041D391BB020BA40D77E6,3.0
C4480EAF3D99424E9A7A4EBC77936730,1.0
C47FE78AD92947C1998D8010861497BA,3.0
C4E5A5A22F8B41CA92F0750E2118C545,3.0
C4F52E1AAD5E4409816EBB081DE95CF6,3.0
C57A2DB009C54BE4B7A643E5C7178572,2.0
C5AF928339E04282A78E0D7D1C0B8097,3.0
C5D221F3F24D4FC69E19B762A31A72F7,3.0
C5E9DAC6A8314679A3BAFDDFD063A3B7,3.0
C5F739838F84491FBB3DF6EB57A21B8C,3.0
C604D077C6F644DCB79ABFAD53468012,2.0
C605836AF3AF4A3C95B66C33E76EA782,3.0
C623A7ED9AC14DBBBF365351F4D0D03D,3.0
C656FF39716E441FA4313164CF7820FE,3.0
C660CAE15237476383C4E47D6B573CB8,3.0
C66DB4EC171D45879828EA04A8C1852A,3.0
C68F56D90620478A9508CBD07BC8AF20,2.0
C697C1558F8149498D65C17025EB6CBB,2.0
C69D887798B6438E9A8CDE24492B07AE,3.0
C6AC58C5252E48FE8E6CBB7FBB1DD0FA,3.0
C6AEEEC7BA4F42DA8D9AF49769A0BD96,3.0
C6BEF133CFB74BFD9C7F25FB48C667F7,3.0
C71DA553BF464DB5947B73A764F7737B,3.0
C732C40CF64B4D93A569A651A0D2C5F7,4.0
C75BEA1D10384608A4CF9573F3921C5F,3.0
C75D450792BD44209314CAFB4F895105,3.0
C79DE1EF9E184A6D9B6E49A4FD9E4A75,3.0
C80265A09BE241BB99B9A7F60336E099,3.0
C809D394C2CD4B3296F6F24D523DE626,3.0
C811B770B4A041FBB80ED2200C87817A,2.0
C814A4CB422E4A38AA99D0C517F16667,3.0
C87FD362ACCB492D98E012D1C31B7F73,3.0
C889A16612594B87B3403F65783F76A6,3.0
C8DAE2F351914C53A13D1EDF1B7C12CD,3.0
C8DDD9EB33864E949D658851F59BEE9C,3.0
C8E6F59C1E084342BB73DA4B19EAAD23,3.0
C90A736CBD2E42469E67DBD9712850A3,3.0
C90FD096652D4575A305D36FB8784DC2,3.0
C9439BEA746F47A2B81E3D8B1B7CE47E,3.0
C9461329CF474223A3D2CCE1DBA83A3A,2.0
C955B6161D3344FCA960611500CBBD01,4.0
C9E83081A2B34DB8A3979763CBD03EF6,2.0
CA161E531ED643989E97A0E7E85515D9,3.0
CA65C661DE394038893E1592E3BFBA1D,3.0
CA82F1A981A6453CAD53534B493F3913,3.0
CA98B80CF2DD496FA96DF87A76EE59D0,3.0
CA98DF2B2520492582DF61C632CEE275,3.0
CAC3512DAE0E4BC9996489CF3D234A29,3.0
CAD2D567F9CD4F55B1D8080285E24044,3.0
CAEFA0231B1149C58F819C7F67479694,3.0
CB18A705D3D540B8A4A8D627BE511170,3.0
CB6A6BF01B3B44D897DDEB37312E7022,3.0
CB78AFAADB144AF5ABC33CF2AEE96703,2.0
CB8ABC534DC540489EB94B779B262757,3.0
CBAD891B42934C2389B2DE67AA350BAA,3.0
CBC08F01BD394695B3D54DECA94CF1EE,3.0
CBDB9ABD3EFB4292A61DEB5B5A0B4F3F,3.0
CBEDA408DCA14955A4F7E01D264E95D1,3.0
CC04EB65088C4878AF7DD467E6F5FA14,3.0
CC64651750BF4628B80C80B433D37976,1.0
CCA30462FB85404B8B407791D9E84062,3.0
CD1DA8FF1E1145EDB565858DFA1C45ED,3.0
CD512E048CD94004891D26B69E2F6668,3.0
CD64A6DC5B2F4810850C88339B5E29E9,3.0
CDEE966897F34CCAAA29005F206F50F0,3.0
CE15965E495347DC9BFCD68E789C61B4,2.0
CE17A5B8FBAF43C4B12B59CC7D4A5447,2.0
CE387251FBBC45A58D6920EB0935069A,4.0
CE389EA62F9242F1B3F716DFCEA65B7A,1.0
CE52314C66114DAFA23330FAEE8AFA75,3.0
CE6BEC28247E442C9534CF9849D30801,2.0
CE791658D24940268E2D468FDC7A2F88,2.0
CE8677ED97EF4B179C8158FB58FDD6AC,3.0
CE9587BB11034485A452A9FCF656A08D,3.0
CEC894EA06E441F6ABC3DD5A80D6FC4B,3.0
CEFC946AE61A4BE396BE6303FAFE8800,3.0
CF05EF295810428FB3DA66E86BC8DE59,3.0
CF30C46B949646D1889DFCD1ED8E40D3,2.0
CF4BD69FB9B24E8A8BE337A9B294C124,3.0
CF6A02C249ED48279D5B5053033E1C4B,4.0
CF8AA02F56A8464586728850B5EEB786,3.0
CFB46DAD01B947579E0AE02CAEC228BA,2.0
CFEA8E05CD284286A0495E7688A33342,5.0
CFF240242D414ABAB2943C3D4FA98939,4.0
D0227902D956402890146B8B06E4356C,4.0
D02378D6C3034CC8A13097CF634CEE54,1.0
D045E23D4D054EAEAE633B563A62B9DA,3.0
D06CD24531A74EF38C82A7B5B0F5BB7E,2.0
D096CB4486844843A76E0075E0BF551A,2.0
D0B18C74DFE74F66BE8BEF6ED4EB7690,3.0
D0D0401BCD224FB58549CB6463AC1C09,1.0
D0EC497607204D4F89A86D8E67CF6AC8,4.0
D109C168F2504899BC0168CE82FFB94C,3.0
D14881628ECD4CF68081C0EBE1B01534,3.0
D18ED015F71A43EDB2FB43DAED18BEC2,3.0
D1A7C6B7170E424F8A81F411AF77C93A,3.0
D1BF03C98CA94768B24A963BAD80E128,3.0
D1EAA51ABDDC4B2DAF31E60B2218768F,1.0
D1F9C5CDFDA941B5A2183BB6F1143CC8,2.0
D2338A026E6D4615B76DCCB6AD9A523F,3.0
D261371C2F354313BC719020BECE505E,3.0
D264A1809477494590B57095BA88A476,3.0
D277AB5749C54D56AB93B191298A7AD3,3.0
D2A0D882B281421284C1DC19A78BBD02,3.0
D2B938F19088472D9DD2B82A3280338A,2.0
D2C7C79A08024438851D591F9FF656F5,2.0
D2CE7800235C493499A9E3966ED2BED1,3.0
D3000077244949BF9247948A39FD4632,2.0
D31AA0E668DD491CAA17C6CD0036AF7D,3.0
D323C2D081DA48DB8489D599DEAFB8AD,3.0
D3501C6BB9D14C7AA959B1397E2CF8C6,3.0
D35187F6C52F47D8B0173831EFD5B2A0,3.0
D3834907264F4C91B44D67DC2DB165CF,4.0
D3FF5A67D04E45AC9C1F4278BD6210FE,3.0
D4437BD316794BE8BA031B78B5C85780,4.0
D458E31B550C4D3CAE8C537D4BF86527,2.0
D49BD7675DE7479B9242AE65F406E8D8,3.0
D4BF9138AA144A2EBFDC00D049A46CAF,4.0
D4E64EAAE4184EA7BC52D982F5A115EB,2.0
D51263F8FA8A43CAB7C6D1B067298936,3.0
D5181F3A5DAA4BE6816147D68D1785BA,4.0
D53E9EC9E2074B16BD694A2AF55DC2DB,3.0
D5585E0FA0BB444D88475766BFC02B00,2.0
D5DE0F46EEF341A383C94F3271F02925,1.0
D5E7D74E1B514A659786F64570F5A097,3.0
D6056D878D9E410C8D1EB4520E3F8728,3.0
D67539026EFD4D1FA0CF69A6282BE0E0,3.0
D67E4A7253E34596A21985B395E18907,3.0
D680720800A44CEB8D5368C33A4B99B7,3.0
D68EAE626F094FF3B074C69057E72762,3.0
D69F3487B5EA4432BF74EF903F216215,2.0
D6A91180C106458D9EE11B4A661A6C0A,2.0
D6A922F340684EE9995A25F57F90193B,3.0
D6C205933CD040E9A042F0C275CD4C0D,3.0
D6F6579F5929468FBE9AF42299F9A2A9,3.0
D72AE8C7C19A48B19576D12199EA0F86,3.0
D7304FE7F233467A826CB4A5939DC662,5.0
D76C9C5589D34341862831C7E35B4A39,3.0
D79DA03865C346D08A79CCA135C1C512,2.0
D7A77D22CD9B47C1BD7FF7A3B084E140,2.0
D7BD0749ED9D463F831A6E2CD6890E70,4.0
D7E522A921CD4AFCBFB8B0863CF50FDF,3.0
D7E65C5133824633A8ECFBB7B05AC853,3.0
D7FC6CC93A484795A0736275EE7EEA5C,2.0
D7FDAB7E43424DDB80594C59221B1B95,3.0
D825204083F046B289FD908534766DC2,3.0
D84B39A51D0C47CBBCDCCE4DB4D2EE2E,3.0
D86D48F60B164871ADF1029C81984A27,3.0
D8789D1C3C7A482E82088F5A66FC1DC0,3.0
D883D1301CC1472E827822F8A26AAF96,3.0
D8DE81D0C4564C36B5A4DBBD0C09B799,3.0
D8E5BB54CE4041CD8158E557CC204C4C,4.0
D8F22F9538DA430BB208705F4925E019,1.0
D91277DE657B4ED8BCBD1B9755F24A36,3.0
D9189500C34443EE8B05E4F6EA2DA04F,5.0
D92457EFDF6C4397905CC16087F8835A,3.0
D92F5DFDB6194D919231B4EFCF34BAF0,3.0
D9467924A0FB4DD2B9C74951CA85A9A0,3.0
D96BE663FF364DE4B822B4E51E343663,3.0
D99590F1FB0E4A0BB009E1CB207C2E9C,2.0
D9E232D397614A8584ED22E638521183,3.0
DA2C80D7742046F4950F442FB3A05DBD,3.0
DA69570119B24065909EFD08179AB45A,3.0
DA8263D613664C1BA4E032C55A886351,1.0
DAA33C1E233247BCBF8F2DB21C11ECC6,2.0
DAADFB1AC52749F7B58B8F1D754D310D,3.0
DAB1072AF9F548579D685778FFF62520,2.0
DAD910A5861044E0B94A30EF076E791E,3.0
DAFDD2C4EB0D4F178D88BFBAAA816708,4.0
DB80F7959180417D89138C7D6501D9EB,1.0
DBA683D3F6E14A6AADF8F6499BE436F6,3.0
DBB84AEC03ED4E18A11B228D33442C40,3.0
DBF872E19A0D495DBB18F43ABF42E439,2.0
DC63283306B34D168E0B81039A75DD95,2.0
DC6FB5B2469C435F99E7F2A624863D4B,1.0
DC8A38B72B8945C49E2A5B163C978BC9,3.0
DCB515C0A8DE4FC48B2DB2919D7C2484,3.0
DCC0E30B534E4431BA67CDD0CE647903,1.0
DCC85FF3F54142CFBE419E868FE3046D,3.0
DCF25DF61CED467CA26C4822A8FD6FDD,2.0
DD0B048A926C4FA28CC9E87961CEF179,3.0
DD0D27503B88469AAB822A53357FF732,4.0
DD6C2DAFD90D43D99B8EB5104FED015F,2.0
DD7EA2313DA642BCB793CB36F51E7D8F,3.0
DD97BD10DD9E4ECCB1B26FC7D4AFD74C,3.0
DD9E8EDD23F743E0A27F5DECE27D6407,3.0
DDBDAB1F7A064D20BF141E8B48C0C19A,3.0
DDD6DE04140C4099AC77B15B9639F1F6,3.0
DDF33EBAC95D4E4EB52DD1208C48BBF0,3.0
DE33E7E9ED6444C796570315560F54AB,3.0
DE5AABCCB703484F9A7AA8A8D3FF79C1,3.0
DEE27AC01C254F0EB0429C7C2539E10E,2.0
DEEEF33BE66540B386ECE6C0438719EC,2.0
DF011FC195104845887434C8E2642FB6,3.0
DF10643681514084A58F7050CDD10CF5,3.0
DF112150C6E241C8B4269DE4B384F16C,3.0
DF243E04841E4ECB8A3B35D547E6039C,3.0
DF4D43B0E8B0417892D4859443A1F41D,2.0
DF5E6DF781444634BFCFB953677B38F2,1.0
DF7C15644A334918A9028EEB1DBE18C6,4.0
DFACF4D3F2DE4CF08257247F8AC4B108,3.0
DFE2AC1CB8BD4F5E968C88702D019063,3.0
DFFF5ADE84EE4C3E837A388A483870F3,2.0
E00FE3F926504F12A763173EBB54E91D,4.0
E01DB9AB72A2459CB7161748C0AA67D7,3.0
E01E3EE149FF4926A35C3BDE619A493D,3.0
E06591E0AE514EC4BA6E5471B203285A,4.0
E065B21795F7438A970A2BCA6111068C,3.0
E0710E40E06545068AC6FAE1ABDB3983,3.0
E07E22BD14774195A585C7905BFDA170,2.0
E0955B22A1B3487E9C310903D2F12A56,3.0
E0CB7691192749199864EBD9F57CAE6C,2.0
E0DF4B6813434F90A1BBCC44CE94AA93,3.0
E1E46260FB044E738819C0A8BC2FC4E7,3.0
E2047E298CF54A09AC5096D16E35328E,3.0
E207BA0F1C24457C85220929218A271B,2.0
E20A3C55A733464A85005A46D8150ED7,3.0
E29DEBF81BFD499FB98C2E5FBE185C4E,2.0
E2BA261EE3984C92856ED3B622A4932B,2.0
E33ECAC04F6B48BEA1E133FC7A4D5312,4.0
E358E5F6B8E446E79FD5CC64BEA4FA30,3.0
E37E668CABFF41DB90ACBAF14DB80CA9,2.0
E38731FE58D548E1B3F8787CC3FFDA07,3.0
E3E214ADBDC34A8E8767980D34FC4A63,2.0
E41CA38F3EC144C2B14D433EA59D04FE,3.0
E435BD0A63E44A47B07CF54DB7D6CBB6,3.0
E458A546FAFC4A43895570E127E1EA05,2.0
E4E06B4768E94EDBBD76DC40F2B1CE68,3.0
E54A61DBE6FF476197309CE8FE625AB5,2.0
E5E9AA5C1D2D45BA9FA1099F5C38162D,3.0
E634204DAF664B559427C833EBB31E7E,3.0
E6463FC65C094F6C99208446EC571DA6,2.0
E6B28EBB913043C18933494E08FA055A,3.0
E6CFB1C1602F44BAB28D5909C1142C38,1.0
E6D8CA859A494D2ABA9CB4B77D2EA518,2.0
E6EA10D13F744B7B865BF90143E9A2E4,5.0
E703C2685909438587D24B2366310309,5.0
E70C8ED79B9A4F7D878728C2D2B927F1,3.0
E71BD9864D2F4A05B28E17E29EDCD0D3,3.0
E74DE0C0CA8E4137B68B73C556466ADD,4.0
E7C92332CD4B4053974815BCE8C815CF,3.0
E7FC6752E2A94B21AB0FB7DDAE103E81,3.0
E84C32726B4C4008A459366D3F6B8701,3.0
E87464EC709C4CF08C92001C817EB726,3.0
E88AD4D691FA42689415B5847A3B992F,3.0
E89842F75A44402FA141AB653C8DC251,3.0
E89A884774AA4B878ED00025681E9C8A,3.0
E89F1988106A47C69BCCC9CB6CF76758,3.0
E8A58F217B034D6CB65EBF89F6C8E323,3.0
E8B0A6E592254AF1BB3A758752E979C0,3.0
E905D6A9884A44019A23B6EEEF9E0B9A,1.0
E90EDFFD34A24F91BDFC4FCFD026CB9C,2.0
E9116AB0A5FC42D88F936ACF78B6FA0F,4.0
E91B7FA515394FF9827FD06B318814FC,5.0
E93AE0C2550847B9B32F52A65CD8DEFE,2.0
E9425715E6E44E89A237902C22EB5F6A,2.0
E9778B8B9D824722BFE3556FE2ACFC04,4.0
E9B4A5E434854C1ABC35D5CE17AB3A82,3.0
E9C554921A30473FABBA12ACC64EA139,3.0
EA1DDBB0D9E5471381D5FD3553DC8E12,3.0
EA4CA2C1D0D34687ABEA437BC5ADED5E,4.0
EA56ABEFDB944A599095C4775BCD6A06,3.0
EA5721208DF947EC935391B65CB0E906,3.0
EA58A17E477347DDAC6E987B993A0FBC,2.0
EA7005BC49214A0EA29DB1CFB937AF13,3.0
EA844ABA8AD74DDBAD3415187F1D913F,2.0
EA88E2928CED4F1A8E11AE117204A597,2.0
EAAAEBFA94524E8F9583D354E056D324,3.0
EACEC23FAC784366A4E1937DCEA84882,3.0
EBB3C9772E2D46669DC59CFDEEE492A8,3.0
EBBE10E550BE484DADA08488866EDA8E,3.0
EBEE23F570EA4962B046D25900EDCA6B,3.0
EBF4665CBA31442DA826DA4C0A93E27B,3.0
EC0CB254F53540329270839ACDD6F7BA,3.0
EC716D1A2F1F4147B892ED8E4AFFBD23,3.0
EC960DF6D8944A3496AE183595BC6BB7,3.0
ECB3615472864FE4B23007768E7790EC,2.0
ECB6DD4EC2D74804995F4A796C0F7428,3.0
ECC263BA41CD4B639BDC0BA632EC8B31,1.0
ECE5D527AB23463B92A5EB029389F6C5,2.0
ED2C16A765C6477BB87466AC85AA6E3F,2.0
ED2D8FD0B73E40E992DB3FCE1E36EF87,3.0
ED625A439478491AA688F8FBE21647F9,3.0
ED9A8849B97549E7B49FF01230BC550F,3.0
EDB0A749CB4A4B539F292A509D144BCF,3.0
EDC9799E567D4FC28952B9B6A8258409,3.0
EDD47FE619A5490FA1B4261F6C253767,3.0
EDE8FBDE2C3F4924BE1DFE4490769CC2,4.0
EE0AFF88B29D4E72A7FAA6488A72882C,2.0
EE2910D3F6A4400382C7A11C4C7F8812,3.0
EE535AD5529641CD9680D959A2A06DFF,3.0
EE64AE84AD484D928F695C8C9AC5782F,3.0
EEB15A8208234BFEBAD0338006BF750D,3.0
EEC1980B00784170AA6D86B1CA8A0D46,4.0
EEF1665D49B74C44A5DC6EA8F4BCD8E0,2.0
EF267AB9DC6A4FD0A96BEBCCE110ACBC,2.0
EF2864642EE94378B0199FEB57D0F8FE,2.0
EF2A831487A04CA089AF344E42845AC4,3.0
EF4E4EB37BC44094B55916C73E0085E2,2.0
EF5BB9F6B3A24CE0B2A34A4FCD2F33B2,1.0
EF890A0149AD4AAD9DDC317738F0047E,3.0
EFA1E05ACC9F47088C011202FE946B5F,3.0
EFA29BCB415B496FB8E7FFB7840FE3C0,3.0
EFC443F6B520433FB33D6119BF6ABFAF,3.0
EFEC9071D2114B63808B3F750402DF43,3.0
F00911B0567A435195AFB0B5DD49A180,2.0
F050412A692D446599932C61B626CFDA,3.0
F14043519CF144B59A222E724B53C79D,3.0
F1C7E1BFB52544638E1EB02FE1D34F49,2.0
F1D2763E403A4134AD2B97B073378695,2.0
F1E2478966E44740BE8D2CB534AA9433,3.0
F1FCB9B08C1D47FBB43E4C4CE716933B,3.0
F22A46BF804C4EBFA61463ADB9BC97AF,3.0
F251F7AE9AAD4E479822EC46264A15E7,3.0
F256EF9BB2994F2BB820C0BBA828336C,3.0
F26D571E5EF143E68D7E1AAF2CB4A8C8,5.0
F283F734C66546018E5A4441E6D72175,3.0
F2943C549B9E465D8EDD0686618FA830,3.0
F2A88B8549DE49A1AFD06617A9FBD49E,3.0
F2DC044F31E54A00A6D9BA62AE5452C3,3.0
F30D8E1A46374A3395F3B4970C7D74B6,3.0
F38B832D326E4893885240949467041B,4.0
F3C48AC3BBE84A04A77D8E564C87FB7C,1.0
F3D2F553EEA44FDBA8A8E22C383E9BD4,2.0
F3F275A906894C5A8E6F2F8FE6E21C77,3.0
F40AFC4C695D40F283F51B0E3FF72BD3,3.0
F461C04A6C364534B88502CB1CB63827,2.0
F47386A8FBFF4EE4B5938F4EBE4C7DD6,2.0
F4DC27B22D5D469AA059CB7D953EE762,2.0
F4EC577D0AE44D6EA1E498533D5C8C76,3.0
F51679B1397A49D786F59E8671B7E2D1,3.0
F59C0BB90F2847CEB2FD7CED88FA7483,4.0
F5D59BF4EFC042BABD1E0B77284BE8DD,3.0
F6586134F687435A9064E1C721EBC99F,2.0
F68A17F24BF54D0F8311E22C17361B66,3.0
F6C2C2975E2D47A29BB1DC4817243718,2.0
F6C76963DAAA4E7A9EBB3F78B2203461,3.0
F74ADEA015734A8D9EC9C313E988DCA9,2.0
F74F71E1EC96468093E1ED553E552813,2.0
F77F837A62F9462AA8712CF9C99F54B3,3.0
F7945E36A9B14A9397CCE64D22A9E450,3.0
F79589F85A1541FD8D4662603219444E,3.0
F8075E9DEDD0471EA2E19E6A5CE01C1A,2.0
F85C75984AAD45E4B751D958C0D04F8D,3.0
F8A70518458C4659BD0DDC3F25182A9E,3.0
F8DF3CAD316D4F439A7843444353D542,2.0
F8EEE3552FC4488EB1D9591E2DC1B81C,3.0
F932CA87C21E4965AC6B54F9944DD344,3.0
F95B469F22304D69A8C46EE4264978F6,3.0
F95BE75A79424C9FBFEAAD48ABB04882,4.0
F96CE95C8CD2466DAF8685B518639DE4,4.0
F97B35347E344FE189B5A1FD59C63664,2.0
F97CB49AD42B45039635662F6357F4FE,3.0
F9B4CE0F2970452BBA71011E2E8BE56D,3.0
F9C29A8623CE450FBB8DA4AEE999CB2A,3.0
F9CF9A3E0C724342A877886466160760,3.0
F9E998D1F7FD4763BA48455B0A2AF97F,3.0
FA1DCD148EA94E59AF5A0F294616320E,3.0
FA361C6B5B294CD8B3F4D2C3207E99A2,1.0
FA5AE8A8FF3B4494B3E47C5CFBE56EE3,2.0
FA8DF2B157144DD8B33312EB954D7CF1,1.0
FA93E8D3888A49B8AFA7A9191749C879,4.0
FAD368D147EC47B7A4EE5E5AA166A796,3.0
FAEF480759C94412A5AD593699217679,3.0
FB0347364C044A688510D933C2307E24,3.0
FB184C52573B459A9A0EF62EBB06A22B,3.0
FB25395EE95642959CC45935850EE030,3.0
FB2F161068FB459F9CB3E622B48E524A,3.0
FB4857975F554E61B1C153059BC3BD1F,3.0
FB699E3362084640B02A378D8BD5AF1E,3.0
FB904CAB52294B89902731940D768C20,3.0
FBB988AD6F894EE2A5A8EC0778797614,1.0
FBC94C6AD0F345148E2D665113347C95,3.0
FBE43D1FCAE84EDBBD1EBD3D94E73E9F,2.0
FBFFA9668C5A42609AC128588D065E25,3.0
FC0A2CD7495F49A68934E3AF7939572F,1.0
FC28493F6C9D420FB285F7C99D2EB849,2.0
FC74ABCA167743B0AC4457D24944F40C,3.0
FCB79CA5BC314B18981A5B1DFFED837A,3.0
FCB884A0F5A448868B2CB0A14C369AF9,1.0
FD0F66F303254868A810F2EBAEEBEE9A,1.0
FD16A6C35C434CE8BCA7B1EC6A92DB91,3.0
FD3A8D9D48E8403FB416B8CEBDA8B2E6,3.0
FD824EFB7F914FB49FE37E05862AC30B,2.0
FDB9DD9AACCE49AE91F4FC35298E2966,3.0
FDC65C5F8DCB4731B5953C1745FC9696,3.0
FDD3729232DF41CF864D8A8C920AE641,3.0
FDFFAF4C40CF4124868EF23BC33DD001,2.0
FE06476ED5B3420481041782483546FF,3.0
FE2EE2EB86A841639A22B78F4DE0DE9F,4.0
FE5C856C9ADC441B86D20593084A5A48,2.0
FE962D03691C4BD0B6CF7847FB896AB7,3.0
FEC3263CF3E141E39B7DF08F9AA8020F,3.0
FEF674A74B7C405E8F8802B7294D6566,4.0
FF28EC064DF24793821C63101E2A5D40,2.0
FF2C447A83B0498EAAEA8C001D2A1086,3.0
FF3A598259634A53BD8E99ECB19FD8DB,3.0
FF4F16DF3E3248B986B79AC83F44764D,4.0
FF52B4EECA4545DFA5A77AD0FB802601,1.0
FF5A3F481B1B48168B13CF577E3F353E,3.0
FF7ADFDCB80441AC8A26AAB806D95A22,3.0
FF8F27F9264E4CE080F8D5079312C55D,3.0
FFC4B454D7694DBA8F627CAF97E748E3,1.0
NA,4.0
